Date,Close,log_returns,log_returns_zscore
2019-03-13,36.47086715698242,0.0,0.0
2019-03-14,37.17795181274414,0.0192021105548275,0.7071067811865475
2019-03-15,38.164154052734375,0.0261808071184221,0.8152721548460403
2019-03-18,38.01529312133789,-0.0039081701532667,-0.9779351012629867
2019-03-19,36.79649353027344,-0.0325859731948138,-1.4942611884951822
2019-03-20,34.98225402832031,-0.0505616509864932,-1.4705820187962406
2019-03-21,36.17314147949219,0.0334759902266059,1.1144790269479325
2019-03-22,34.85200119018555,-0.0372063368529564,-1.0017555554311925
2019-03-25,33.91232681274414,-0.0273319874322752,-0.6350120315596364
2019-03-26,34.15421676635742,0.0071074850925649,0.4716823271956368
2019-03-27,33.679725646972656,-0.0139900127118205,-0.24476576077253848
2019-03-28,33.18662643432617,-0.014749066941022,-0.2608891079501132
2019-03-29,33.38200759887695,0.0058700836639701,0.4961243991041656
2019-04-01,33.63320541381836,0.0074967751388061,0.5345816090471756
2019-04-02,33.21453094482422,-0.0125263760990972,-0.2620729296753361
2019-04-03,33.0284538269043,-0.0056180320974101,0.024943104989547705
2019-04-04,33.52156448364258,0.0148195205319586,0.8589775915187556
2019-04-05,34.40542221069336,0.0260252266977032,1.2451144001553167
2019-04-08,34.28446960449219,-0.0035217039367338,-0.011731110386448425
2019-04-09,34.321685791015625,0.0010849227728723,0.18522195744902373
2019-04-10,33.42852020263672,-0.0263679592968042,-0.9973547722078072
2019-04-11,33.8751106262207,0.013271111011767,0.7538262218345235
2019-04-12,34.377506256103516,0.0147219176842248,0.7904143192170824
2019-04-15,34.40542221069336,0.0008117117646736,0.15139007987735292
2019-04-16,34.61940383911133,0.006200155108016,0.39396522379856086
2019-04-17,35.54978561401367,0.0265197962127877,1.2880589855952167
2019-04-18,35.27997589111328,-0.0076185779030374,-0.3045721535903736
2019-04-22,34.6473274230957,-0.0180949557652876,-0.7807451764039646
2019-04-23,34.98225402832031,0.0096203131304938,0.5376741449690002
2019-04-24,34.84270477294922,-0.0039971220481846,-0.12243671799820831
2019-04-25,35.01946258544922,0.0050601977106976,0.31997827695641673
2019-04-26,35.27067184448242,0.007147811869148,0.41715333718229786
2019-04-29,36.03358840942383,0.0213997221676687,1.1035452598586009
2019-04-30,35.81959533691406,-0.0059564154025836,-0.2790590438442684
2019-05-01,36.04289245605469,0.0062145869051547,0.34139610303329937
2019-05-02,34.27516555786133,-0.0502886306298665,-2.3499108276721037
2019-05-03,34.4426383972168,0.0048742294219615,0.314645655386108
2019-05-06,34.71245193481445,0.0078031828278173,0.45099703439603595
2019-05-07,34.14491271972656,-0.0164848617226952,-0.7373240984083614
2019-05-08,34.25656509399414,0.0032646216719252,0.24368807402026074
2019-05-09,35.32649612426758,0.0307550528861772,1.559974098564295
2019-05-10,35.40092849731445,0.0021047677311412,0.14089363259691345
2019-05-13,34.889217376708984,-0.0145602247497571,-0.6817739930704674
2019-05-14,34.87060546875,-0.0005335996463703,0.024788946086633245
2019-05-15,34.63801193237305,-0.0066925343426045,-0.2858189310593732
2019-05-16,33.7913703918457,-0.0247462337546014,-1.1838165473037772
2019-05-17,34.48423385620117,0.020296773870256,1.098966472452812
2019-05-20,34.343788146972656,-0.0040810675672254,-0.14621818934736328
2019-05-21,34.81194305419922,0.0135393567732608,0.7522135416556949
2019-05-22,34.33442687988281,-0.0138119691917448,-0.658159344733165
2019-05-23,34.18461608886719,-0.0043728290193076,-0.1636490715774845
2019-05-24,34.128440856933594,-0.0016446415109273,-0.01960083482829778
2019-05-28,33.856910705566406,-0.0079879441357428,-0.35366139260938617
2019-05-29,33.05168914794922,-0.0240704614031924,-1.1898048600655071
2019-05-30,32.592899322509766,-0.0139782214003116,-0.641734135341848
2019-05-31,32.499267578125,-0.0028768994311304,-0.04439261571448999
2019-06-03,31.628496170043945,-0.0271590612552381,-1.3284957104766566
2019-06-04,31.91875648498535,0.0091353228166336,0.61932309284569
2019-06-05,31.853212356567383,-0.0020555787342874,0.013054294196492105
2019-06-06,31.591047286987305,-0.0082644691021425,-0.3232143337815131
2019-06-07,31.53486442565918,-0.0017800258131225,0.03353011265573281
2019-06-10,31.591047286987305,0.0017800258131224,0.22924884351939637
2019-06-11,31.67531394958496,0.0026638709981662,0.2763491294920905
2019-06-12,32.48990249633789,0.0253917108932395,1.5167692410285705
2019-06-13,32.71461868286133,0.0068926838854307,0.48054058476912725
2019-06-14,32.73333740234375,0.0005720184742961,0.12495513850286204
2019-06-17,33.519840240478516,0.023743458506858,1.4026669345535052
2019-06-18,33.54793167114258,0.0008377028640173,0.11677801839624985
2019-06-19,33.46366500854492,-0.0025149887837229,-0.07218543057059633
2019-06-20,33.09849548339844,-0.0109723959111047,-0.5485865949332185
2019-06-21,33.59474563598633,0.0148818471829863,0.9187930038662943
2019-06-24,33.27640151977539,-0.009521192162968,-0.4750907625221506
2019-06-25,32.948692321777344,-0.0098969092794846,-0.4925223812241732
2019-06-26,33.0610466003418,0.0034041760776438,0.27567925400427684
2019-06-27,33.4730224609375,0.0123840652351631,0.7903108730689398
2019-06-28,34.203346252441406,0.0215836681912753,1.30388107134871
2019-07-01,33.66965103149414,-0.0157266141765362,-0.8554092578347692
2019-07-02,34.203346252441406,0.0157266141765361,0.9641462452271289
2019-07-03,34.034812927246094,-0.0049395725176892,-0.2382354698017646
2019-07-05,34.23143768310547,0.0057605419319654,0.3861592550474146
2019-07-08,33.82882308959961,-0.0118312591041883,-0.6448738181046736
2019-07-09,33.716461181640625,-0.003327012768275,-0.14099667792734644
2019-07-10,33.83818435668945,0.0036036990738426,0.26969741068754727
2019-07-11,33.99736404418945,0.0046931139621511,0.33269639654009187
2019-07-12,34.60595703125,0.0177428422789874,1.1032156340685992
2019-07-15,34.68086624145508,0.0021622939500874,0.16603970740821755
2019-07-16,34.35315704345703,-0.009494207176171,-0.5344368612344232
2019-07-17,33.866268157958984,-0.0142744431338907,-0.8167000147279612
2019-07-18,34.278255462646484,0.012091722195676,0.7792618362219288
2019-07-19,34.128440856933594,-0.0043801222188802,-0.22315291233473805
2019-07-22,34.00672149658203,-0.0035728832406382,-0.17272367334962002
2019-07-23,34.18461608886719,0.0052175247515656,0.36646877683749945
2019-07-24,34.5404167175293,0.0103544165212036,0.6790201689989476
2019-07-25,35.0460205078125,0.0145319320279105,0.9289898873993011
2019-07-26,35.102203369140625,0.0016018330967246,0.12516497997888856
2019-07-29,35.28946304321289,0.0053205194694362,0.3552861694708599
2019-07-30,35.43927001953125,0.0042361058610836,0.285666666602205
2019-07-31,34.83067321777344,-0.0173221150149432,-1.061526370444378
2019-08-01,34.49360275268555,-0.0097245334816516,-0.5790376326326954
2019-08-02,34.23143768310547,-0.0076294270500307,-0.44395680494888146
2019-08-05,33.70710754394531,-0.0154357308658722,-0.9306408595438209
2019-08-06,34.081626892089844,0.0110497167964459,0.7454822448434958
2019-08-07,34.4467887878418,0.0106573411437216,0.7152216667052593
2019-08-08,32.770790100097656,-0.0498782065194508,-2.9910113066840114
2019-08-09,33.11722946166992,0.0105161016085064,0.7018458290214683
2019-08-12,32.592899322509766,-0.0159592220432582,-0.91513267170931
2019-08-13,32.770790100097656,0.0054431204347516,0.39732841604869984
2019-08-14,31.51614570617676,-0.0390375962725883,-2.2771551804726906
2019-08-15,30.720285415649418,-0.0255767775070368,-1.442873092484218
2019-08-16,30.907541275024418,0.0060770092249102,0.4574212782746486
2019-08-19,31.459959030151367,0.0177153870102488,1.1474133666818687
2019-08-20,31.23525047302246,-0.0071683154462614,-0.34986358139058954
2019-08-21,31.038623809814453,-0.0063149215910847,-0.29682082806968224
2019-08-22,30.729639053344727,-0.0100047279768345,-0.5180070569587333
2019-08-23,29.437536239624023,-0.0429570274853847,-2.4472128917123768
2019-08-26,29.69034194946289,0.0085512031912523,0.6164949241189507
2019-08-27,29.60607528686523,-0.0028422195893825,-0.06356115611526734
2019-08-28,29.54989242553711,-0.0018994830240542,-0.006995321552977628
2019-08-29,30.383211135864254,0.0278100871661954,1.7514982935362688
2019-08-30,30.710914611816406,0.0107279256341259,0.7272504913667845
2019-09-03,30.578907012939453,-0.004307658253991,-0.17122345840300274
2019-09-04,31.31438636779785,0.0237671623434397,1.4943506392384052
2019-09-05,31.974428176879883,0.0208588435475563,1.3059868284282354
2019-09-06,31.93670654296875,-0.0011804402615199,-0.006566823727631961
2019-09-09,32.04985809326172,0.0035367320900041,0.2743405592034535
2019-09-10,32.2667350769043,0.0067440700746308,0.46461207703741014
2019-09-11,32.031005859375,-0.0073324589716515,-0.3812609543050149
2019-09-12,31.776416778564453,-0.0079799628726278,-0.41845873380056264
2019-09-13,31.785844802856445,0.0002966547799452,0.08291039780739776
2019-09-16,31.578399658203125,-0.0065477269574395,-0.3321659974000942
2019-09-17,30.94664192199707,-0.0202088385953746,-1.1558964266137197
2019-09-18,30.644908905029297,-0.009797948802115,-0.5185307473355787
2019-09-19,30.14516258239746,-0.0164420790726661,-0.9184032178611623
2019-09-20,30.248884201049805,0.0034348326086019,0.29659741979299203
2019-09-23,30.343175888061523,0.0031123471619113,0.2756993570363724
2019-09-24,29.73027992248535,-0.0204055925881578,-1.1630468774777465
2019-09-25,30.173452377319336,0.0147964249724342,0.9955135127026821
2019-09-26,29.673704147338867,-0.0167012060452197,-0.9360274214449711
2019-09-27,29.683130264282227,0.000317608481518,0.11114347009326053
2019-09-30,29.739709854125977,0.0019043050392492,0.2083865198792514
2019-10-01,29.400257110595703,-0.011479765337821,-0.6182363713111404
2019-10-02,28.57991600036621,-0.0282991861728024,-1.6413136005865727
2019-10-03,28.655349731445312,0.0026359194385202,0.26776532963972816
2019-10-04,28.74492835998535,0.0031211939816442,0.2967062490213363
2019-10-07,28.74964141845703,0.0001639479519682,0.11253266812479654
2019-10-08,28.320613861083984,-0.0150353502877495,-0.8304576280319844
2019-10-09,28.53277015686035,0.0074633123152536,0.571465019438007
2019-10-10,28.68835067749023,0.0054378838353742,0.4429399166149329
2019-10-11,29.38139533996582,0.0238705218421366,1.580506046273207
2019-10-14,29.239959716796875,-0.0048254052629952,-0.20991434327858105
2019-10-15,29.645414352416992,0.0137711969989787,0.948572917318248
2019-10-16,29.78213882446289,0.0046013913066736,0.37278554453325974
2019-10-17,29.69256019592285,-0.003012329536856,-0.10515078948059238
2019-10-18,29.725563049316406,0.0011108683675924,0.1541975473071705
2019-10-21,30.258316040039062,0.0177636727679286,1.1975604772240451
2019-10-22,30.89950180053711,0.0209690037033384,1.3867220729902734
2019-10-23,30.74863052368164,-0.0048946033682125,-0.240382421436319
2019-10-24,29.79628562927246,-0.0314617150158159,-1.889607000252303
2019-10-25,29.89057731628418,0.0031595483762832,0.276962410416673
2019-10-28,30.371461868286133,0.015960122367664,1.0734133329592404
2019-10-29,30.220598220825195,-0.004979660998038,-0.23994349185787023
2019-10-30,29.569984436035156,-0.0217639446544715,-1.285735564228636
2019-10-31,29.456830978393555,-0.0038339725920814,-0.1589957145650701
2019-11-01,30.041439056396484,0.0196518954931061,1.3096901390603568
2019-11-04,30.079160690307617,0.0012548656873033,0.1527464391344408
2019-11-05,30.31488990783691,0.0078064118007063,0.5635773040243859
2019-11-06,30.484617233276367,0.0055831954670724,0.42162503918199734
2019-11-07,32.29502487182617,0.0576909862516599,3.5660097438842664
2019-11-08,32.46474838256836,0.005241645880053,0.3629536133313516
2019-11-11,32.2667350769043,-0.0061180097448212,-0.33122933372403524
2019-11-12,31.880136489868164,-0.0120536904878242,-0.6924724265981619
2019-11-13,31.65383529663086,-0.0071238156191096,-0.38818077730475337
2019-11-14,31.540685653686523,-0.0035809991802398,-0.16939194986978148
2019-11-15,31.677412033081055,0.0043255522573839,0.3181339300789478
2019-11-18,32.49303436279297,0.025421866331259,1.6082576541917912
2019-11-19,33.40766143798828,0.0277595189833529,1.732311421474016
2019-11-20,32.997493743896484,-0.0123536466212919,-0.7236347092432946
2019-11-21,32.794769287109375,-0.006162581708745,-0.3425128689578145
2019-11-22,32.88434982299805,0.0027278256057644,0.20400911354430742
2019-11-25,32.86077117919922,-0.0007172743604484,-0.008551445694158758
2019-11-26,33.18136215209961,0.0097087563640303,0.6341398508620518
2019-11-27,33.03050231933594,-0.0045568900686111,-0.2493493213235109
2019-11-29,32.98335647583008,-0.0014283622373235,-0.05478199034680417
2019-12-02,32.8277702331543,-0.0047282743913,-0.25966096776387815
2019-12-03,32.389312744140625,-0.0134462958223434,-0.8007368187171726
2019-12-04,32.66276168823242,0.0084071278920975,0.563849930384832
2019-12-05,32.658050537109375,-0.0001442465569767,0.028032734832777205
2019-12-06,32.62504959106445,-0.001011010469512,-0.026346318264187634
2019-12-09,32.804203033447266,0.0054762627700146,0.3811143751524645
2019-12-10,32.92677307128906,0.0037294495585533,0.2700740347122442
2019-12-11,33.27566146850586,0.0105401449238479,0.6983674994653841
2019-12-12,33.907413482666016,0.0188074343554931,1.2143688151763459
2019-12-13,33.81312561035156,-0.0027846185072863,-0.15181549442414188
2019-12-16,33.84141159057617,0.0008361887625883,0.07773359101177944
2019-12-17,34.17143249511719,0.00970474030728,0.6396042639613588
2019-12-18,33.94513702392578,-0.0066443834540255,-0.40087270462524477
2019-12-19,33.992279052734375,0.0013878077529982,0.11170672574436888
2019-12-20,34.15258026123047,0.0047047277165599,0.3231308316927832
2019-12-23,34.5391731262207,0.0112559929717587,0.740558315093384
2019-12-24,34.416595458984375,-0.0035552586495673,-0.2102471348513833
2019-12-26,34.699466705322266,0.0081854439294675,0.5439401926506604
2019-12-27,34.62874984741211,-0.0020400606261788,-0.11531816829171805
2019-12-30,34.360015869140625,-0.0077906985206238,-0.48566873185714815
2019-12-31,34.32229995727539,-0.0010982715187308,-0.05199418249298567
2020-01-02,34.378883361816406,0.0016472326851355,0.12599096213120364
2020-01-03,34.039424896240234,-0.0099231115092255,-0.6251064925984963
2020-01-06,33.959266662597656,-0.0023576415644116,-0.1315491167247141
2020-01-07,34.3883056640625,0.0125547878986324,0.8395421722218287
2020-01-08,34.341156005859375,-0.0013720365169191,-0.07107090899855732
2020-01-09,34.416595458984375,0.0021943557428542,0.1623268348329759
2020-01-10,34.0252799987793,-0.0114350964715476,-0.7305714866258989
2020-01-13,34.228004455566406,0.005940375017948,0.41126723917057234
2020-01-14,34.454315185546875,0.0065900962636896,0.45280853600599336
2020-01-15,34.690040588378906,0.0068183820194405,0.4665542843140134
2020-01-16,36.04784393310547,0.0383944232494853,2.511548292616198
2020-01-17,36.37314987182617,0.0089838073063402,0.5885468885265034
2020-01-21,36.217567443847656,-0.0042865719464805,-0.27892891552295185
2020-01-22,36.20814514160156,-0.0002601921876331,-0.01491876252959491
2020-01-23,34.793758392333984,-0.0398460832817933,-2.5702419888552157
2020-01-24,33.98284912109375,-0.0235820544221777,-1.5041538159582493
2020-01-27,34.294010162353516,0.0091147483571641,0.6082790226366901
2020-01-28,34.52974319458008,0.0068503661190077,0.46038580517781064
2020-01-29,33.935707092285156,-0.0173533076006261,-1.104239248656879
2020-01-30,34.378883361816406,0.0129747535262525,0.8588819049912741
2020-01-31,34.25629425048828,-0.0035721985708204,-0.21414984471822782
2020-02-03,34.72775650024414,0.0136689447856828,0.9031584116999091
2020-02-04,35.26522445678711,0.0153580691533876,1.0085123727707241
2020-02-05,35.76496887207031,0.0140715557139642,0.9210830908159696
2020-02-06,34.416595458984375,-0.038430017031284,-2.4559846031862436
2020-02-07,34.294010162353516,-0.0035681660955646,-0.21277665589739403
2020-02-10,34.68061065673828,0.0112100519961229,0.7374468389255573
2020-02-11,34.52031707763672,-0.0046327085787537,-0.2842268369835858
2020-02-12,35.038917541503906,0.0149113220063032,0.9753593250214623
2020-02-13,35.37837219238281,0.0096413049025737,0.6326748359143504
2020-02-14,35.18035888671875,-0.0056127377141558,-0.3541523716505153
2020-02-18,35.095497131347656,-0.002415105312905,-0.14640613161228164
2020-02-19,35.387794494628906,0.0082941370130964,0.548243842241589
2020-02-20,34.454315185546875,-0.0267327234066273,-1.7176015435517313
2020-02-21,33.473670959472656,-0.0288750606838418,-1.8393482472671656
2020-02-24,32.313880920410156,-0.0352623005383048,-2.2232101223944616
2020-02-25,30.956079483032227,-0.0429274787524358,-2.6672747730510458
2020-02-26,30.550621032714844,-0.0131843952039623,-0.786804562676015
2020-02-27,29.221099853515625,-0.044493967764751,-2.7168333839113985
2020-02-28,28.711925506591797,-0.0175784867117239,-1.0345445672824147
2020-03-02,29.975440979003903,0.0430658530275128,2.698405144903401
2020-03-03,29.16811752319336,-0.027302165254499,-1.6181681981856326
2020-03-04,29.130125045776367,-0.001303383468225,-0.02417410727966789
2020-03-05,27.65794563293457,-0.0518598122922811,-3.0635676587304945
2020-03-06,27.088071823120117,-0.0208195744891381,-1.1838389272354126
2020-03-09,25.767858505249023,-0.0499655559505067,-2.886396868436341
2020-03-10,27.316022872924805,0.0583455275333367,3.456397666037673
2020-03-11,26.13827896118164,-0.0440725816967366,-2.4582436554128044
2020-03-12,24.276687622070312,-0.0738843339945927,-4.019164705290778
2020-03-13,24.105724334716797,-0.0070671961981888,-0.29816334194270505
2020-03-16,22.025678634643555,-0.0902403531911344,-4.709600592196762
2020-03-17,22.59555435180664,0.0255441934680589,1.470200575964806
2020-03-18,20.33504867553711,-0.1054072437922264,-5.209011356240871
2020-03-19,20.838438034057617,0.0244533306561399,1.3511805353960387
2020-03-20,19.04333114624023,-0.0900822944751072,-4.320410480776752
2020-03-23,18.81538200378418,-0.0120422422298321,-0.47620078516965103
2020-03-24,20.562997817993164,0.0888185112359278,4.345828369437914
2020-03-25,22.16814613342285,0.0751631614015523,3.5849051743436147
2020-03-26,23.364885330200195,0.052577868753211,2.489619871147661
2020-03-27,20.933414459228516,-0.109887608141499,-4.752608376938313
2020-03-30,22.57655906677246,0.075565498330067,3.317035570964313
2020-03-31,21.73124313354492,-0.038161157766942,-1.559697920884079
2020-04-01,20.482267379760746,-0.0591914948569346,-2.424244660188207
2020-04-02,20.74345970153809,0.0126714959401143,0.6140509864477319
2020-04-03,20.506010055541992,-0.0115129852671913,-0.4047524288730967
2020-04-06,23.222415924072266,0.1243999992032964,5.064709182932023
2020-04-07,23.71630859375,0.021044921987497,0.9035278601897553
2020-04-08,24.52363395690918,0.0334743660667392,1.391936084984655
2020-04-09,24.352670669555664,-0.0069957819404945,-0.22992270756646857
2020-04-13,24.124719619750977,-0.0094044967572579,-0.32297388806084293
2020-04-14,24.704092025756836,0.0237318737930298,1.0026313961142213
2020-04-15,23.906265258789062,-0.0328283296685602,-1.2525493741009983
2020-04-16,23.86827278137207,-0.0015904909596012,-0.004584195062456642
2020-04-17,24.913047790527344,0.0428415955351473,1.7599124946295543
2020-04-20,24.40015983581543,-0.0208019909524213,-0.7682852502980332
2020-04-21,23.79228973388672,-0.0252281154961307,-0.942147773912577
2020-04-22,23.35538673400879,-0.0185339146742645,-0.6716634670059709
2020-04-23,23.222415924072266,-0.0057096369336827,-0.16263161169601373
2020-04-24,23.288904190063477,0.0028590163047401,0.1776468775209338
2020-04-27,24.704092025756836,0.0589918668447733,2.3699463158252185
2020-04-28,25.61589241027832,0.0362440571757872,1.471100091928908
2020-04-29,26.546689987182617,0.0356921128528774,1.437157618428251
2020-04-30,24.276687622070312,-0.0893885362474898,-3.345225142422334
2020-05-01,23.7637996673584,-0.0213531323838008,-0.7624026566221367
2020-05-04,23.39337730407715,-0.0157104392563684,-0.5428327118194768
2020-05-05,22.652542114257812,-0.0321808808560374,-1.164604643619466
2020-05-06,23.3743839263916,0.0313686384809462,1.2525791578286924
2020-05-07,23.754302978515625,0.0161229733754298,0.669155706604651
2020-05-08,24.438148498535156,0.0283816823052864,1.1367179677041503
2020-05-11,24.172208786010746,-0.0109417984410074,-0.3590126785768055
2020-05-12,23.64032554626465,-0.0222496125412723,-0.7878655554337759
2020-05-13,22.85199737548828,-0.0339154374216796,-1.2230588003885818
2020-05-14,23.85877799987793,0.0431136739158154,1.682285816128422
2020-05-15,24.219697952270508,0.0150140671128653,0.6167494438035369
2020-05-18,25.506664276123047,0.0517734951389701,1.9866784077411832
2020-05-19,25.587398529052734,0.003160223152685,0.1623256725405771
2020-05-20,25.99580955505371,0.0158353687382576,0.6372291107245371
2020-05-21,25.862836837768555,-0.0051282869090792,-0.15019514018968158
2020-05-22,25.99580955505371,0.0051282869090792,0.23311735699653374
2020-05-26,27.154556274414062,0.0436094968061942,1.6605445037399
2020-05-27,27.82890510559082,0.0245303816497766,0.9425003755919943
2020-05-28,27.221040725708008,-0.022085002174695,-0.7939708984312326
2020-05-29,27.335020065307617,0.0041784360447037,0.18172612129971513
2020-06-01,27.676942825317383,0.0124310111889556,0.4867724577169293
2020-06-02,27.420495986938477,-0.0093089151071451,-0.3262049091631494
2020-06-03,28.70271873474121,0.0457010852321532,1.7113118979988746
2020-06-04,28.4415225982666,-0.0091417070000435,-0.32244545528027124
2020-06-05,28.73120880126953,0.0101338059244033,0.38984077172562775
2020-06-08,30.089412689208984,0.0461894253436341,1.7100433459108562
2020-06-09,28.807191848754883,-0.0435482990420487,-1.5842946055752227
2020-06-10,28.237319946289062,-0.0199805675687763,-0.7156149655513504
2020-06-11,26.23326110839844,-0.0736163917923669,-2.6345194659997326
2020-06-12,26.546689987182617,0.0118769554226547,0.4598926812906043
2020-06-15,27.410999298095703,0.0320392980779534,1.1818387534167318
2020-06-16,26.61317443847656,-0.0295379942587776,-1.0324975215793577
2020-06-17,26.366230010986328,-0.0093223477489013,-0.3017502421664626
2020-06-18,27.221040725708008,0.0319062052836014,1.1770371944503515
2020-06-19,26.423215866088867,-0.0297472177704319,-1.0358151743216852
2020-06-22,26.214262008666992,-0.0079393984460471,-0.2498087831832643
2020-06-23,26.41371726989746,0.0075798546296304,0.3051720908399055
2020-06-24,25.653884887695312,-0.0291884510088153,-1.010856668515037
2020-06-25,25.406936645507812,-0.0096727847378615,-0.30927931650592305
2020-06-26,24.45714569091797,-0.0380998025010301,-1.3171342070848022
2020-06-29,25.44493103027344,0.0395941189764025,1.4527687904366522
2020-06-30,25.492420196533203,0.001864611287203,0.10584232177293013
2020-07-01,25.56365394592285,0.0027904141400358,0.14077646705729147
2020-07-02,25.21697998046875,-0.0136539985639911,-0.4445296461339711
2020-07-06,25.19798469543457,-0.0007535574429204,0.016487703574994007
2020-07-07,24.47614288330078,-0.0290651356427556,-0.9892694066446436
2020-07-08,24.11522102355957,-0.0148556643968829,-0.48142808886648
2020-07-09,23.22336769104004,-0.0376842190558787,-1.2839695061906495
2020-07-10,24.11522102355957,0.0376842190558787,1.3801627426507133
2020-07-13,23.79228973388672,-0.0134816514466424,-0.4242072812599797
2020-07-14,23.86827278137207,0.0031885109134047,0.16519666514183415
2020-07-15,24.932039260864254,0.0436036153200187,1.579338766555663
2020-07-16,25.069761276245117,0.0055086961739082,0.23594701897539366
2020-07-17,23.99174690246582,-0.0439524976930174,-1.4914576507864867
2020-07-20,23.57383918762207,-0.0175723039620789,-0.5643082182043258
2020-07-21,24.077228546142575,0.0211289320361349,0.7874299502441261
2020-07-22,24.571121215820312,0.0203052988033165,0.7557245809473994
2020-07-23,24.818069458007812,0.0100001760218921,0.39549440473702496
2020-07-24,25.159992218017575,0.0136831274890914,0.5244113062455852
2020-07-27,24.40015983581543,-0.0306654396065395,-1.01964791435053
2020-07-28,24.419151306152344,0.000778031104933,0.07814004130681568
2020-07-29,24.61861228942871,0.0081350399634355,0.3342840479789208
2020-07-30,24.58061790466309,-0.00154451165877,-0.005635454010074978
2020-07-31,24.47614288330078,-0.0042593590622039,-0.1011902666930839
2020-08-03,24.932039260864254,0.0184548103898982,0.6877403973572791
2020-08-04,25.36894798278809,0.0173722121110308,0.6452066302932854
2020-08-05,23.60233497619629,-0.0721802589675053,-2.437907487460964
2020-08-06,23.89676856994629,0.0123975967111818,0.47733457990829886
2020-08-07,23.64032554626465,-0.0107892800822135,-0.3289818536771157
2020-08-10,23.44086647033691,-0.0084730339519949,-0.2461558855367168
2020-08-11,23.687814712524418,0.0104798392875829,0.4072153600669841
2020-08-12,23.944259643554688,0.0107678455039629,0.41636798693116167
2020-08-13,24.40015983581543,0.0188610686506627,0.6906277688548186
2020-08-14,24.52363395690918,0.0050476209501582,0.20672974039118328
2020-08-17,24.419151306152344,-0.0042695898452251,-0.11603099120763911
2020-08-18,24.442899703979492,0.0009720590604028,0.06873030681482131
2020-08-19,24.61861228942871,0.0071629809030326,0.28233407604610483
2020-08-20,24.61861228942871,0.0,0.03202442514243667
2020-08-21,24.704092025756836,0.0034661449770669,0.15089719587569564
2020-08-24,25.691871643066406,0.039205764423371,1.385037159521786
2020-08-25,25.60639381408691,-0.0033325847308215,-0.09568613008955312
2020-08-26,25.786855697631836,0.0070228143562053,0.2638401389831267
2020-08-27,26.25225257873535,0.0178869048591355,0.6391896788953112
2020-08-28,26.51819610595703,0.0100793449876201,0.3703904668837566
2020-08-31,26.404220581054688,-0.0043072749979798,-0.1293567503106764
2020-09-01,26.32760238647461,-0.0029059586483373,-0.08066231724378861
2020-09-02,26.806459426879883,0.0180249726458769,0.6507909929213224
2020-09-03,26.346757888793945,-0.0172976547225588,-0.5773129839405311
2020-09-04,26.586185455322266,0.0090465099532609,0.3412959280760893
2020-09-08,26.662803649902344,0.0028777352863508,0.1259861051386468
2020-09-09,27.093772888183594,0.0160344463742742,0.5837949496124757
2020-09-10,26.95969581604004,-0.0049609155650848,-0.14927302505278878
2020-09-11,26.950117111206055,-0.0003553603477611,0.010414547096276731
2020-09-14,27.486438751220703,0.0197051038767132,0.7072563221806957
2020-09-15,27.428974151611328,-0.0020928412460653,-0.053490881788465616
2020-09-16,28.21430206298828,0.0282291092578717,0.9962171183572497
2020-09-17,27.553478240966797,-0.0237002351628447,-0.8100718692421828
2020-09-18,26.81603622436523,-0.0271287044228341,-0.9268857548840768
2020-09-21,25.75296974182129,-0.0404501249084574,-1.378681485984236
2020-09-22,25.810436248779297,0.0022289656645642,0.09942455722803689
2020-09-23,24.881450653076172,-0.0366563437407512,-1.2422809696014725
2020-09-24,25.111303329467773,0.0091955044570297,0.34305839329129767
2020-09-25,25.647624969482425,0.0211328969272602,0.7501289534852978
2020-09-28,26.720264434814453,0.0409712715846438,1.4241581213908387
2020-09-29,26.643648147583008,-0.0028714663587287,-0.08379473433779479
2020-09-30,26.78730583190918,0.0053773335413355,0.19778157669311444
2020-10-01,27.017154693603516,0.0085439109569928,0.3022367237079637
2020-10-02,26.978851318359375,-0.0014187487000634,-0.04066343009546952
2020-10-05,27.66840362548828,0.0252378242304302,0.8739736418812596
2020-10-06,26.93096160888672,-0.0270144848964342,-0.9194327121077221
2020-10-07,27.87910270690918,0.0346007873551486,1.188431198128719
2020-10-08,28.377111434936523,0.0177054835764038,0.607411804788182
2020-10-09,27.96529769897461,-0.0146185112071845,-0.49721262852947623
2020-10-12,27.89825439453125,-0.0024002532641932,-0.07526912489376932
2020-10-13,26.308448791503903,-0.0586739859454489,-1.9822274368576525
2020-10-14,25.98282241821289,-0.0124544909640584,-0.4060366390804496
2020-10-15,26.04986572265625,0.0025769701293721,0.1057844174657214
2020-10-16,25.97325134277344,-0.0029453996451107,-0.082166595849345
2020-10-19,25.140031814575195,-0.0326057452829228,-1.0844864543016437
2020-10-20,25.072994232177734,-0.0026701287496288,-0.06538211746053338
2020-10-21,25.618892669677734,0.0215387343025651,0.7570965423567771
2020-10-22,26.250986099243164,0.0243734798070482,0.8482776727805278
2020-10-23,25.796070098876953,-0.0174813954410332,-0.5746087906891993
2020-10-26,25.072994232177734,-0.0284308186685799,-0.9407901896981375
2020-10-27,24.89581871032715,-0.0070914738179655,-0.21391700938012964
2020-10-28,23.962045669555664,-0.0382287179581913,-1.2622845778567855
2020-10-29,24.31639862060547,0.0146798149665326,0.5231780795723139
2020-10-30,25.034685134887695,0.0291113056078436,1.0052342861991481
2020-11-02,25.75296974182129,0.0282876815331248,0.9753117113478716
2020-11-03,25.571006774902344,-0.0070907884260657,-0.2175429421082774
2020-11-04,24.354707717895508,-0.0487339955342803,-1.6071654224446812
2020-11-05,25.254962921142575,0.0362975214611669,1.2401170387170737
2020-11-06,24.522308349609375,-0.0294394396018901,-0.9545587683608451
2020-11-09,25.08257293701172,0.0225900515596774,0.794244602226138
2020-11-10,25.571006774902344,0.0192858621153261,0.6791308225886341
2020-11-11,26.001977920532227,0.0167134471814572,0.5886032901999888
2020-11-12,24.373863220214844,-0.0646612303176607,-2.1181765570050657
2020-11-13,25.10172462463379,0.0294251752451012,1.0077516875376782
2020-11-16,25.618892669677734,0.020393520288389,0.7048992250512388
2020-11-17,26.480833053588867,0.033091116091171,1.1242323019428682
2020-11-18,25.98282241821289,-0.0189855468454459,-0.59713775076754
2020-11-19,26.116905212402344,0.0051471704867758,0.20171264420614662
2020-11-20,26.27971839904785,0.0062146642068946,0.23551388904647375
2020-11-23,26.854345321655273,0.0216301666439859,0.7440340392275097
2020-11-24,27.974872589111328,0.040879054938411,1.3717657197707778
2020-11-25,27.735443115234375,-0.0085955696000507,-0.26052104905180823
2020-11-27,27.51516914367676,-0.0079736723133121,-0.23950352839491557
2020-11-30,27.179967880249023,-0.0122572308387216,-0.3795074290942171
2020-12-01,28.444154739379883,0.0454624551676264,1.513546981658696
2020-12-02,28.779354095458984,0.0117155762332739,0.4006521929872882
2020-12-03,28.51119613647461,-0.0093614013567611,-0.2900852675586225
2020-12-04,28.017972946166992,-0.0174506618384438,-0.5534802756075724
2020-12-07,28.07064437866211,0.0018781510577474,0.08132597423317772
2020-12-08,27.673192977905273,-0.0142601641653204,-0.44628900762813695
2020-12-09,27.51516914367676,-0.0057267242594008,-0.1647210798869592
2020-12-10,27.47207260131836,-0.0015675109285387,-0.026516762401737323
2020-12-11,27.505590438842773,0.0012193258070159,0.06740630357950264
2020-12-14,27.14166259765625,-0.0133193601206816,-0.40921261019268923
2020-12-15,27.017154693603516,-0.0045978893050995,-0.12177531707354561
2020-12-16,26.921388626098633,-0.0035509363893876,-0.08564693404266084
2020-12-17,26.96927070617676,0.0017770089760048,0.08845548169482628
2020-12-18,26.614919662475582,-0.0132261477435634,-0.40288033287120173
2020-12-21,26.231830596923828,-0.0144983664719306,-0.44205614701302376
2020-12-22,25.83916664123535,-0.0150821539745652,-0.4577644524957194
2020-12-23,26.57660865783691,0.0281400274780425,0.9566593167679031
2020-12-24,26.81603622436523,0.0089686200015105,0.3277118858035706
2020-12-28,27.65882682800293,0.0309448361620388,1.0419624319611431
2020-12-29,27.567842483520508,-0.0032949452839432,-0.07924128649567123
2020-12-30,27.486438751220703,-0.0029572193042232,-0.06794500067300595
2020-12-31,27.65882682800293,0.0062521645881665,0.2328672809508448
2021-01-04,27.20870018005371,-0.0164081295911551,-0.5077419306416612
2021-01-05,27.78811836242676,0.0210717505828513,0.714709514709013
2021-01-06,30.129732131958008,0.0809039303916275,2.6254248942848424
2021-01-07,28.951740264892575,-0.0398821477038158,-1.2600227887690738
2021-01-08,28.367536544799805,-0.0203849030441016,-0.6300199017968906
2021-01-11,28.444154739379883,0.0026972702026523,0.10947692303902054
2021-01-12,27.946142196655273,-0.0176635172374325,-0.5412628312225619
2021-01-13,28.07064437866211,0.004445181333249,0.1688301442470751
2021-01-14,29.057090759277344,0.0345381953686981,1.128751419579163
2021-01-15,29.104978561401367,0.001646702516073,0.08018489492842194
2021-01-19,27.93656539916992,-0.0409728255877332,-1.2788512519626416
2021-01-20,28.67400550842285,0.0260545623885455,0.8629660502650153
2021-01-21,28.587810516357425,-0.0030105596766354,-0.06629695941427079
2021-01-22,27.93656539916992,-0.02304400271191,-0.7106575095502956
2021-01-25,29.382713317871097,0.0504701004892122,1.6291172876179958
2021-01-26,31.987701416015625,0.084944979146357,2.6808759025806883
2021-01-27,31.097028732299805,-0.028239222709538,-0.8740233188695881
2021-01-28,29.325252532958984,-0.0586632694396223,-1.8135665891392636
2021-01-29,28.626117706298828,-0.0241294984066985,-0.7301943453034536
2021-02-01,29.35398292541504,0.0251087338901682,0.8015236956400763
2021-02-02,28.30049705505371,-0.0365488732327658,-1.1112966056208196
2021-02-03,27.917407989501953,-0.0136289317454435,-0.39506017177415087
2021-02-04,28.089799880981445,0.0061560803498877,0.22136046504790435
2021-02-05,29.02836227416992,0.0328668446187461,1.0441815195628483
2021-02-08,30.215925216674805,0.0400957489483253,1.2598264735244147
2021-02-09,28.4345760345459,-0.0607632397877517,-1.8488511008546193
2021-02-10,29.21990203857422,0.027244183108319,0.8589995149094263
2021-02-11,29.449756622314453,0.0078355921956165,0.2625083693216622
2021-02-12,30.12015724182129,0.0225089774645943,0.7121819698080625
2021-02-16,29.35398292541504,-0.0257663819195279,-0.7697739785680432
2021-02-17,29.363561630249023,0.0003262638106358,0.03177328338163373
2021-02-18,29.746646881103516,0.0129619104393608,0.4194417245577786
2021-02-19,31.00125312805176,0.04131121139315,1.2796419500764988
2021-02-22,31.978126525878903,0.0310244958556367,0.956620092030641
2021-02-23,31.480112075805664,-0.0156961392439082,-0.4788768569228249
2021-02-24,31.355615615844727,-0.0039626062254906,-0.12368807498220452
2021-02-25,30.407472610473633,-0.0307049897789066,-0.9443195898086646
2021-02-26,30.579858779907227,0.0056531946751944,0.16904193076584914
2021-03-01,31.978126525878903,0.044710540573111,1.3635144602081164
2021-03-02,34.5256462097168,0.0766502932641499,2.3254188665331896
2021-03-03,35.521671295166016,0.0284405529723545,0.8453081342681261
2021-03-04,35.157737731933594,-0.0102982405940625,-0.33747271811823887
2021-03-05,37.389217376708984,0.0615376287651373,1.8407627996874822
2021-03-08,38.32777786254883,0.0247925464507418,0.7142170700664197
2021-03-09,36.834739685058594,-0.039733490812031,-1.2574171041485076
2021-03-10,37.528282165527344,0.0186534267423094,0.5343991846303069
2021-03-11,37.96174621582031,0.0114841343562794,0.30849035268589636
2021-03-12,38.53006362915039,0.0148598359008925,0.40601105393673836
2021-03-15,38.62638854980469,0.0024968740261597,0.019510515936605095
2021-03-16,39.917144775390625,0.0328702411415167,0.9653604559046692
2021-03-17,38.963523864746094,-0.0241800022648583,-0.8332070779179195
2021-03-18,38.91536712646485,-0.0012367085305426,-0.1234717391182829
2021-03-19,38.8671989440918,-0.0012385343133761,-0.12034628676429002
2021-03-22,39.63780212402344,0.0196325818979906,0.5518697035741392
2021-03-23,37.76908874511719,-0.0482922519986438,-1.676189437425466
2021-03-24,36.55539321899414,-0.0326622774118316,-1.1628440943754426
2021-03-25,37.00812530517578,0.0123087587761358,0.345926462178237
2021-03-26,34.84080505371094,-0.0603482324929396,-2.0790625088975125
2021-03-29,34.50366973876953,-0.0097235712644946,-0.40433812824400006
2021-03-30,34.5229377746582,0.0005582785271714,-0.03944157044864286
2021-03-31,33.6463737487793,-0.0257186796442765,-0.9626815040374171
2021-04-01,33.713802337646484,0.0020020319217265,0.0008656966732694063
2021-04-05,33.839027404785156,0.0037074749068201,0.06249857770129732
2021-04-06,34.45550537109375,0.0180539989390695,0.5661118974261983
2021-04-07,34.590362548828125,0.0039063119425464,0.08556517788061711
2021-04-08,34.320648193359375,-0.0078279430189572,-0.34231170986807347
2021-04-09,34.75411605834961,0.0125508515244099,0.41229065497382483
2021-04-12,34.77338409423828,0.0005542565557411,-0.031730157742379826
2021-04-13,35.014190673828125,0.0069011578668601,0.20029740001168783
2021-04-14,34.8215446472168,-0.0055171328656947,-0.25440064464307915
2021-04-15,35.41876220703125,0.0170053913089561,0.572641309812468
2021-04-16,35.37059783935547,-0.0013607800685434,-0.1083194749936535
2021-04-19,35.2453727722168,-0.0035466537475509,-0.1833851852997612
2021-04-20,35.30316925048828,0.0016384886078335,0.006440816415471498
2021-04-21,35.987083435058594,0.0191873402274215,0.655151514377192
2021-04-22,35.736629486083984,-0.0069838818085687,-0.32410935458491624
2021-04-23,35.967811584472656,0.0064482170413135,0.17613101449194002
2021-04-26,35.707733154296875,-0.0072571355422246,-0.33458173598675217
2021-04-27,35.88111877441406,0.0048439374139564,0.1268340081387893
2021-04-28,35.52471923828125,-0.0099824469714459,-0.42676283616708766
2021-04-29,35.47655487060547,-0.0013567186129609,-0.09518329996775057
2021-04-30,35.043094635009766,-0.012293472746169,-0.5344507000595713
2021-05-03,34.46514129638672,-0.0166301633418632,-0.7041514181642945
2021-05-04,34.48440933227539,0.000558902450112,-0.03818649225084676
2021-05-05,34.23395919799805,-0.0072892080692313,-0.34864802950840873
2021-05-06,35.35133743286133,0.0321181152374319,1.1899913954544221
2021-05-07,35.80405807495117,0.0127250153773978,0.43340469613816435
2021-05-10,35.88111877441406,0.002149976676729,0.024499249588082164
2021-05-11,36.01597595214844,0.0037513987568176,0.08493921908392345
2021-05-12,35.1490478515625,-0.0243650867242528,-1.0154513695663374
2021-05-13,35.707733154296875,0.0157697505534789,0.5498064415064686
2021-05-14,34.9371337890625,-0.0218170113211742,-0.9196349395492835
2021-05-17,34.5229377746582,-0.0119263028257082,-0.5255591144701202
2021-05-18,34.985294342041016,0.0133038453934261,0.47855719026803484
2021-05-19,34.888973236083984,-0.0027569853769262,-0.15835262487982574
2021-05-20,34.811912536621094,-0.0022111836888884,-0.13391855288098195
2021-05-21,35.043094635009766,0.0066189369026512,0.2151301304532139
2021-05-24,34.97566604614258,-0.0019260155151361,-0.12333270727513694
2021-05-25,34.58073043823242,-0.0113559606889669,-0.4919826548432272
2021-05-26,34.8311767578125,0.0072162663876683,0.2531194010795768
2021-05-27,35.45729064941406,0.0178160223398978,0.6714616904316142
2021-05-28,34.9467658996582,-0.0145029625627661,-0.6193748250887136
2021-06-01,34.667423248291016,-0.0080254946332895,-0.3569766576464085
2021-06-02,34.28211975097656,-0.0111765065110442,-0.4827309096192271
2021-06-03,33.867923736572266,-0.0121555642007193,-0.5157790077569886
2021-06-04,34.35918045043945,0.0144008809884712,0.5493770602346336
2021-06-07,34.2917594909668,-0.0019641677508212,-0.10733088256753237
2021-06-08,33.867923736572266,-0.0124367132376499,-0.5227776187910685
2021-06-09,34.705955505371094,0.0244429366299244,0.9645091535239865
2021-06-10,34.542198181152344,-0.0047295883213671,-0.22528771870535885
2021-06-11,34.86970901489258,0.0094368034955127,0.34479864550806016
2021-06-14,34.638526916503906,-0.0066519585124361,-0.31996941123297445
2021-06-15,34.65779113769531,0.0005559955342101,-0.015613593657731847
2021-06-16,34.60962677001953,-0.0013906791069473,-0.10167198175790067
2021-06-17,34.13763427734375,-0.0137314534936906,-0.6163578040705641
2021-06-18,34.46514129638672,0.009547995817287,0.3608048472756479
2021-06-21,34.45550537109375,-0.0002796237650596,-0.05603005945357622
2021-06-22,34.426612854003906,-0.0008388975115385,-0.08074625784895387
2021-06-23,34.38808059692383,-0.0011198846983059,-0.0911216029307743
2021-06-24,34.9467658996582,0.0161159192774644,0.6276786893967088
2021-06-25,35.05272674560547,0.0030274769966483,0.07382001466689098
2021-06-28,34.86970901489258,-0.0052348905376317,-0.2816503300652436
2021-06-29,33.75233459472656,-0.0325689276940838,-1.4301834619112157
2021-06-30,33.90645217895508,0.0045557379354115,0.14534250986379144
2021-07-01,34.25322723388672,0.0101754600374934,0.3825444047676117
2021-07-02,34.07020950317383,-0.005357405224264,-0.2782048948833019
2021-07-06,33.4537239074707,-0.0182602728965272,-0.8220660980277387
2021-07-07,33.232181549072266,-0.0066443777566172,-0.3342598986009714
2021-07-08,32.567535400390625,-0.0202027846245697,-0.9094457374584219
2021-07-09,33.2418098449707,0.020492470733794,0.8139623545894992
2021-07-12,33.61748123168945,0.0112377901178481,0.425299636367311
2021-07-13,32.72165298461914,-0.0270091768775099,-1.2096593278059395
2021-07-14,33.1165885925293,0.0119972932304256,0.4575052011827174
2021-07-15,32.63496398925781,-0.0146500941315002,-0.6760490174243687
2021-07-16,32.143699645996094,-0.0151677646328861,-0.6941657517869355
2021-07-19,31.402000427246097,-0.0233448652553397,-1.0546210775903118
2021-07-20,31.66207695007324,0.0082480552500769,0.3060819973098063
2021-07-21,32.63496398925781,0.0302645746381488,1.2545765975415777
2021-07-22,32.50973892211914,-0.0038445250582668,-0.2142273098762232
2021-07-23,32.76018142700195,0.0076740934453206,0.284161203781378
2021-07-26,33.05879592895508,0.0090738739135608,0.34559486895479147
2021-07-27,32.71202087402344,-0.0105450497705597,-0.5080585011126727
2021-07-28,32.76982116699219,0.00176538430132,0.02595586656163477
2021-07-29,32.6927604675293,-0.0023543445166383,-0.15102514986927812
2021-07-30,32.01848220825195,-0.0208403558831732,-0.9482870716376969
2021-08-02,32.0666389465332,0.0015028994711351,0.018673880641737223
2021-08-03,31.613914489746097,-0.0142188489207594,-0.657052628354742
2021-08-04,31.440528869628903,-0.0054995666565841,-0.2754798012482833
2021-08-05,33.0298957824707,0.0493152951865635,2.105384950323932
2021-08-06,32.50010681152344,-0.0161697083204661,-0.7625237692890088
2021-08-09,32.26892852783203,-0.0071385736780445,-0.3672616242172761
2021-08-10,32.750553131103516,0.0148150492773188,0.5913943289405973
2021-08-11,33.270713806152344,0.0157576933112256,0.6315067420894183
2021-08-12,32.89503860473633,-0.0113557006373362,-0.5527511471765961
2021-08-13,32.81797790527344,-0.002345372009382,-0.1544662554625935
2021-08-16,32.99136734008789,0.0052694593869436,0.17950815109051693
2021-08-17,32.82761764526367,-0.0049757690036458,-0.26975044827101846
2021-08-18,32.567535400390625,-0.0079542169115888,-0.39871060637098643
2021-08-19,32.23039627075195,-0.0104059547323937,-0.5029730301934724
2021-08-20,32.76018142700195,0.0163038061925049,0.6643478703363851
2021-08-23,33.05879592895508,0.0090738739135608,0.3466736246307043
2021-08-24,32.98173522949219,-0.0023337406009933,-0.14638665945355356
2021-08-25,33.0298957824707,0.0014591538122968,0.01976740729697818
2021-08-26,32.750553131103516,-0.0084932327211919,-0.4156414653018956
2021-08-27,33.261070251464844,0.0154678001453763,0.6397607959946726
2021-08-30,33.05879592895508,-0.0060999806354879,-0.30717074507059533
2021-08-31,33.59231185913086,0.0160095561230954,0.6624701042254124
2021-09-01,33.2140007019043,-0.0113257321536173,-0.5386928587209852
2021-09-02,33.48561096191406,0.0081443281170698,0.3196787278700633
2021-09-03,33.107295989990234,-0.0113621422825877,-0.5404842629197787
2021-09-07,33.01999282836914,-0.0026404594503858,-0.15424373905652067
2021-09-08,32.30216598510742,-0.0219789349586834,-1.000033401120468
2021-09-09,32.661075592041016,0.011049733665273,0.45353651740146766
2021-09-10,32.30216598510742,-0.0110497336652731,-0.5175177746552971
2021-09-13,32.71928024291992,0.0128302276840676,0.5301220433734891
2021-09-14,31.85594940185547,-0.0267403550457914,-1.1993164076113472
2021-09-15,33.03939437866211,0.0364764595601066,1.5609038727458913
2021-09-16,33.650508880615234,0.0183275601875582,0.7712527467622192
2021-09-17,34.0482292175293,0.0117498471555918,0.4781913768038125
2021-09-20,33.495304107666016,-0.0163727727693955,-0.7577248311841036
2021-09-21,33.446807861328125,-0.0014489012490202,-0.10990034308729991
2021-09-22,34.358638763427734,0.026897127568661,1.135834541942616
2021-09-23,34.6108512878418,0.0073137744962349,0.26616218032623434
2021-09-24,35.22197341918945,0.0175028787768395,0.7158269652659075
2021-09-27,35.823394775390625,0.0169310326165781,0.6916374313028238
2021-09-28,35.7554931640625,-0.0018972530490723,-0.1361575181459326
2021-09-29,36.1338005065918,0.010524817127958,0.41532990452645374
2021-09-30,36.00769805908203,-0.0034959788319034,-0.20819262731645274
2021-10-01,36.55091857910156,0.0149735674319714,0.6137619505714075
2021-10-04,37.10383987426758,0.0150141469085362,0.6122216767374662
2021-10-05,37.47245407104492,0.0098856400392229,0.38734739525646544
2021-10-06,37.21054458618164,-0.0070139272202519,-0.37124352524045784
2021-10-07,37.6761589050293,0.0124353268935314,0.504936235901228
2021-10-08,37.90896987915039,0.0061602517348324,0.22533052275274543
2021-10-11,37.7343635559082,-0.004616576912338,-0.2612824498181016
2021-10-12,37.656761169433594,-0.0020586617898186,-0.1462231126090272
2021-10-13,37.93806838989258,0.0074425333212713,0.27354444332514377
2021-10-14,38.22908020019531,0.0076414368068371,0.27916790716877476
2021-10-15,37.80226516723633,-0.0112274618956962,-0.5802003337733709
2021-10-18,37.918670654296875,0.0030745942980571,0.0718436656830188
2021-10-19,38.73349380493164,0.0212610785382581,0.895583421650023
2021-10-20,38.99540710449219,0.0067391739175543,0.22847826375629915
2021-10-21,38.452186584472656,-0.0140283100516581,-0.7170341023965053
2021-10-22,38.33578872680664,-0.0030316712049121,-0.2083229124902486
2021-10-25,37.76346206665039,-0.0150418682250417,-0.7608303682149994
2021-10-26,37.559757232666016,-0.0054088322963996,-0.32345652109870043
2021-10-27,36.356910705566406,-0.0325488892588356,-1.5634446411534748
2021-10-28,36.793426513671875,0.011934900266956,0.4727904579851906
2021-10-29,35.85249328613281,-0.0259060895156063,-1.2649422634506886
2021-11-01,37.03593444824219,0.0324755302795732,1.4238933205354436
2021-11-02,37.520957946777344,0.0130110128054088,0.5316828869502246
2021-11-03,37.47245407104492,-0.0012935504917217,-0.1297541610055725
2021-11-04,37.26874542236328,-0.0054510538893807,-0.33319517123637143
2021-11-05,37.45304870605469,0.0049330629595938,0.15806746630369028
2021-11-08,36.76433181762695,-0.0185599829532376,-0.9484255671452656
2021-11-09,36.57032012939453,-0.0052911450648222,-0.31976279261495383
2021-11-10,36.677024841308594,0.0029135468989147,0.06992708868492148
2021-11-11,37.074737548828125,0.0107852761712284,0.4426875963292294
2021-11-12,37.006832122802734,-0.0018332615074086,-0.1680644869414557
2021-11-15,37.26874542236328,0.0070525034957314,0.26498013751411564
2021-11-16,36.48301315307617,-0.0213082918684463,-1.0965128779702351
2021-11-17,36.41511917114258,-0.001862708944655,-0.15167158522960644
2021-11-18,35.813690185546875,-0.0166538225233359,-0.8699446587858839
2021-11-19,35.23167037963867,-0.0163848229381991,-0.8515672789743469
2021-11-22,34.98916244506836,-0.0069070356738232,-0.3896832024438889
2021-11-23,35.26076889038086,0.0077326139257964,0.32285736890088196
2021-11-24,34.80485916137695,-0.0130139749318898,-0.678183415521452
2021-11-26,34.019126892089844,-0.022834086016216,-1.1526283477563224
2021-11-29,33.456504821777344,-0.0166766903929748,-0.8498636629577979
2021-11-30,32.593170166015625,-0.026143469384117,-1.3047621942082535
2021-12-01,31.25452995300293,-0.0419384381406233,-2.0571136481034076
2021-12-02,31.92384910583496,0.0211890271610598,1.0087048022346978
2021-12-03,32.53497314453125,0.0189622561793228,0.8941135792978006
2021-12-06,32.90358352661133,0.0112659661078596,0.5158892225846633
2021-12-07,32.93268585205078,0.0008840819083353,0.012144199616068576
2021-12-08,33.25279998779297,0.0096733181859593,0.43445701709536794
2021-12-09,33.12669372558594,-0.0037995593779064,-0.22035182507045117
2021-12-10,33.2140007019043,0.002632080579678,0.09127328693105048
2021-12-13,32.78718185424805,-0.0129338530349286,-0.6615818702588174
2021-12-14,32.467071533203125,-0.0098112497579273,-0.5109066792567124
2021-12-15,32.71928024291992,0.0077381219023367,0.33879645902157574
2021-12-16,33.291603088378906,0.017340691653877,0.8000249528380186
2021-12-17,33.19459915161133,-0.0029180191477464,-0.18145671397676164
2021-12-20,32.80658721923828,-0.0117578614516484,-0.6104910222188368
2021-12-21,33.18489456176758,0.0114654642256377,0.5111052679359095
2021-12-22,33.107295989990234,-0.0023411085551183,-0.16152316351071783
2021-12-23,33.47590637207031,0.0110722865475902,0.49491364710938035
2021-12-27,33.582611083984375,0.0031824384439155,0.11159915062002725
2021-12-28,33.728118896484375,0.0043234723260268,0.17309972566641532
2021-12-29,33.34980392456055,-0.0112799850485323,-0.5887840682804805
2021-12-30,33.70871353149414,0.0107044726815607,0.4838579230209752
2021-12-31,33.243099212646484,-0.0139091626172428,-0.7152231834890042
2022-01-03,33.9415283203125,0.0207920857693542,0.9725066552676781
2022-01-04,34.07733154296875,0.0039931102455083,0.15575712815736933
2022-01-05,33.718414306640625,-0.0105882923792952,-0.5569374477952039
2022-01-06,34.41684341430664,0.020501971963781,1.0064649881198688
2022-01-07,34.9212646484375,0.0145498672221326,0.6980314131033799
2022-01-10,34.89215850830078,-0.0008338265195146,-0.08364258135066957
2022-01-11,34.78545379638672,-0.0030628143473791,-0.2002898536307431
2022-01-12,35.13467025756836,0.0099890945473923,0.46334159873141145
2022-01-13,35.73609161376953,0.0169727480862684,0.8262821206666142
2022-01-14,36.57032012939453,0.0230758383296617,1.1312484306533288
2022-01-18,35.60028839111328,-0.0268832473039135,-1.4281425897929232
2022-01-19,35.386878967285156,-0.0060126379090023,-0.3522732595269302
2022-01-20,34.213130950927734,-0.0337315844763992,-1.7611574568980453
2022-01-21,33.77661895751953,-0.0128407000109404,-0.6964510738139822
2022-01-24,34.78545379638672,0.0294304887369329,1.4863612634856946
2022-01-25,34.80485916137695,0.0005577030672353,0.01197562785210555
2022-01-26,33.82511901855469,-0.0285533153998487,-1.5528069578977846
2022-01-27,33.96092224121094,0.0040068250578371,0.18788398437177845
2022-01-28,35.609981536865234,0.0474154610428556,2.530353844846618
2022-01-31,36.06590270996094,0.0127219169180631,0.6488408616557978
2022-02-01,35.881595611572266,-0.0051233887444694,-0.3332734598689325
2022-02-02,36.15320587158203,0.007541120169374,0.3583696388015667
2022-02-03,36.32781219482422,0.0048179969228587,0.20889242992556378
2022-02-04,36.1338005065918,-0.0053548946705636,-0.34439949311660806
2022-02-07,36.06590270996094,-0.0018808336771998,-0.14430093966034446
2022-02-08,36.230804443359375,0.0045618127259262,0.206021764656308
2022-02-09,38.72380065917969,0.0665447066595774,3.6589501868152268
2022-02-10,38.84989929199219,0.0032510694722046,0.12036681701407154
2022-02-11,38.26788330078125,-0.015094496297209,-0.8986336896017686
2022-02-14,37.5888557434082,-0.0179033716256373,-1.0600804316251329
2022-02-15,37.93806838989258,0.0092474343173914,0.4618343107832197
2022-02-16,37.74406433105469,-0.0051268239094639,-0.34091547420764684
2022-02-17,37.501556396484375,-0.0064457910473126,-0.4084151703413445
2022-02-18,37.38515090942383,-0.0031088449473184,-0.21271612939234266
2022-02-22,37.03593444824219,-0.0093849484368184,-0.5727970153801492
2022-02-23,36.30841064453125,-0.0198392300078383,-1.1632316544662742
2022-02-24,36.14350509643555,-0.0045521455485036,-0.30022015956264314
2022-02-25,37.08443832397461,0.025700162353869,1.4236162516078
2022-02-28,37.11354064941406,0.0007844506638722,0.011187003396518142
2022-03-01,36.74259567260742,-0.010045153035644,-0.6191309937006875
2022-03-02,38.38254928588867,0.0436661835589954,2.58804058429988
2022-03-03,38.5875358581543,0.0053264084745368,0.2960650390932126
2022-03-04,38.13850402832031,-0.0117049428628462,-0.7226146697484497
2022-03-07,37.12329864501953,-0.0269796079044977,-1.6453451310711784
2022-03-08,37.28924560546875,0.0044601951787537,0.2735058879229381
2022-03-09,36.53760528564453,-0.0203629514970188,-1.2552603073787452
2022-03-10,35.73715591430664,-0.0221510825499369,-1.3542038221682027
2022-03-11,35.31740951538086,-0.0118148996940851,-0.7093725078260785
2022-03-14,34.86837387084961,-0.0127958042117484,-0.7654360916793537
2022-03-15,35.746917724609375,0.0248838223745075,1.5699796168690503
2022-03-16,36.52783966064453,0.0216106523564024,1.3566647614952572
2022-03-17,36.16666412353515,-0.0099368862906315,-0.5980479794537685
2022-03-18,36.781646728515625,0.0168611765688302,1.056572686230653
2022-03-21,36.64498519897461,-0.003722401089499,-0.2116168868085659
2022-03-22,36.859737396240234,0.0058432383856307,0.37513070537581983
2022-03-23,36.2935676574707,-0.0154793018099617,-0.9822361036919209
2022-03-24,36.67426681518555,0.0104348063728287,0.6658763054665857
2022-03-25,36.918304443359375,0.0066321510040487,0.41953503479084836
2022-03-28,36.38141632080078,-0.0146493797921717,-0.9727171746917782
2022-03-29,36.66450881958008,0.0077511213823586,0.49151911677566196
2022-03-30,35.95191192626953,-0.0196269593363519,-1.3044842011654496
2022-03-31,35.41502380371094,-0.0150461343393451,-0.9976478174604462
2022-04-01,35.30764389038086,-0.0030366500401038,-0.20980612299955642
2022-04-04,35.54192352294922,0.0066134627219108,0.42584999626343006
2022-04-05,34.702430725097656,-0.0239032098094997,-1.5617366290211658
2022-04-06,34.770755767822266,0.0019669477737296,0.12512860414648105
2022-04-07,34.4876708984375,-0.0081747870833559,-0.5324969550437332
2022-04-08,34.90742111206055,0.0120975510134523,0.7889966245270645
2022-04-11,34.66337966918945,-0.0070156571749974,-0.45552180148978
2022-04-12,34.7609977722168,0.0028122158515456,0.18412679983071456
2022-04-13,35.073368072509766,0.0089460935122323,0.5878884642515486
2022-04-14,34.99527359008789,-0.0022290860192324,-0.1430758240808734
2022-04-18,35.11241912841797,0.0033418771268157,0.21963693909419457
2022-04-19,35.33693313598633,0.0063737922473136,0.4166476637093626
2022-04-20,35.61025619506836,0.007705010271992,0.5080406103734462
2022-04-21,35.02456283569336,-0.0165840810818046,-1.0802792951279254
2022-04-22,34.4876708984375,-0.0154477157473172,-0.9985795021980591
2022-04-25,34.34124755859375,-0.0042547104912465,-0.2679946593875526
2022-04-26,33.19914245605469,-0.0338231384612588,-2.1704781092105567
2022-04-27,32.97462463378906,-0.006785730770778,-0.4204934816342721
2022-04-28,33.11128616333008,0.0041358807860251,0.28565780371922184
2022-04-29,32.447505950927734,-0.0202506139856989,-1.2893077757213072
2022-05-02,33.05271911621094,0.0184802537371525,1.2045246477579672
2022-05-03,32.82820129394531,-0.0068158941938949,-0.4275254913069652
2022-05-04,33.550559997558594,0.0217656131860865,1.4056910418275883
2022-05-05,32.91606140136719,-0.0190928275733399,-1.2172355548963627
2022-05-06,31.295637130737305,-0.0504820281012458,-3.171133355679001
2022-05-09,29.84115982055664,-0.047590056474911,-2.923856376649051
2022-05-10,29.187131881713867,-0.0221607194014334,-1.326233717744519
2022-05-11,29.831398010253903,0.0218335401838945,1.3987689329737751
2022-05-12,30.12424659729004,0.0097689189356938,0.6505140675765515
2022-05-13,30.49518585205078,0.0122384479593143,0.7976761940697225
2022-05-16,30.368284225463867,-0.0041700484812807,-0.22876063621183657
2022-05-17,31.207778930664062,0.027268606682441,1.7243694698962255
2022-05-18,30.153528213500977,-0.0343654501066505,-2.083362088508454
2022-05-19,30.0559139251709,-0.003242493880934,-0.16398905913224904
2022-05-20,30.20233917236328,0.0048599329673938,0.33609607026823135
2022-05-23,30.866127014160156,0.0217399920688658,1.3661993452020111
2022-05-24,29.28474998474121,-0.0525924672979673,-3.1304264059243474
2022-05-25,30.036392211914062,0.0253428180224998,1.5561631955493669
2022-05-26,31.05159568786621,0.033240477759408,2.014851602321594
2022-05-27,31.910614013671875,0.0272884841779399,1.6431591861464239
2022-05-31,31.930137634277344,0.0006116350672616,0.055768585538816494
2022-06-01,31.38349151611328,-0.0172683104519449,-1.0046189331279023
2022-06-02,31.100404739379883,-0.0090611735373661,-0.5182186950213911
2022-06-03,30.895410537719727,-0.0066131866432849,-0.36829742375011926
2022-06-06,30.836841583251953,-0.0018975161290554,-0.08780524975012219
2022-06-07,31.276113510131836,0.0141445291041833,0.8597765532559537
2022-06-08,30.73922538757324,-0.0173151206101356,-1.0032107935315862
2022-06-09,30.241384506225582,-0.0163282047508722,-0.9401060337646628
2022-06-10,29.314035415649418,-0.0311449084469681,-1.8015595914643536
2022-06-13,28.513582229614254,-0.0276858825407475,-1.5843937972088438
2022-06-14,28.943092346191406,0.0149510259872106,0.9206982180830928
2022-06-15,29.714258193969727,0.0262954352822894,1.5731155989251757
2022-06-16,29.08951759338379,-0.0212491153571473,-1.2034105360115308
2022-06-17,28.982139587402344,-0.0036981251636551,-0.1758634645035231
2022-06-21,29.421409606933594,0.0150428632852376,0.9138236971337079
2022-06-22,29.011425018310547,-0.0140329086947035,-0.7778248561904729
2022-06-23,28.962617874145508,-0.0016837589121202,-0.05838663929292907
2022-06-24,29.62640380859375,0.022660024638003,1.355655454227002
2022-06-27,29.7923526763916,0.0055857547040952,0.36223432649414106
2022-06-28,29.49950408935547,-0.0098782863066524,-0.5354535194816352
2022-06-29,29.421409606933594,-0.0026508254286221,-0.12321700643549832
2022-06-30,28.99190139770508,-0.0147060984080919,-0.8231400372400679
2022-07-01,29.860681533813477,0.0295260873203515,1.7480133708696581
2022-07-05,29.89972686767578,0.0013067293367859,0.10609478774207647
2022-07-06,29.84115982055664,-0.0019607029332355,-0.08781312502242472
2022-07-07,30.0851993560791,0.0081446925167781,0.4974029178104171
2022-07-08,29.89972686767578,-0.0061839895835425,-0.3412774586127853
2022-07-11,29.558074951171875,-0.0114923749732266,-0.6451964530603408
2022-07-12,29.88996696472168,0.0111659005454381,0.6806618893342707
2022-07-13,29.64592933654785,-0.0081980455525452,-0.4588139956539276
2022-07-14,29.30427360534668,-0.0115914632895242,-0.6528950918624422
2022-07-15,30.290191650390625,0.033090589977991,1.9504022642677843
2022-07-18,29.997344970703125,-0.0097150754335585,-0.552021662312638
2022-07-19,30.895410537719727,0.0294987698160406,1.7245910301788168
2022-07-20,31.40300941467285,0.0162960829681588,0.9512644022416495
2022-07-21,31.647048950195312,0.0077411745694939,0.46077119309715486
2022-07-22,31.793474197387695,0.0046161506854042,0.2756656006548856
2022-07-25,31.87156867980957,0.0024532936148685,0.15020139504439106
2022-07-26,30.817317962646484,-0.0336375449444905,-1.9417267478296236
2022-07-27,31.334680557250977,0.0166486857069547,0.9778325862863557
2022-07-28,31.598241806030273,0.0083759908097014,0.49512558788138983
2022-07-29,30.163293838500977,-0.0464757306668506,-2.644452565479146
2022-08-01,30.35852432250977,0.0064515960397496,0.3826861203049067
2022-08-02,30.192577362060547,-0.0054812339101052,-0.30104496457910185
2022-08-03,30.543994903564453,0.0115719886697642,0.6726435801863685
2022-08-04,30.44637680053711,-0.0032011015397339,-0.17659648532313507
2022-08-05,30.260908126831055,-0.0061102798774495,-0.33650981102082167
2022-08-08,30.387807846069336,0.0041847515612847,0.26034220338568304
2022-08-09,30.602563858032227,0.0070423213867285,0.4241607738588412
2022-08-10,31.598241806030273,0.0320176883366121,1.8704861380610913
2022-08-11,32.85749053955078,0.0390782614551167,2.2563338078293618
2022-08-12,32.945343017578125,0.0026701746862877,0.15375122584979223
2022-08-15,32.769630432128906,-0.0053477311176032,-0.3082435024163279
2022-08-16,32.935585021972656,0.0050514998419609,0.29187945213790245
2022-08-17,32.632972717285156,-0.0092304745965923,-0.5310615101361295
2022-08-18,32.43773651123047,-0.0060007580745841,-0.3452776740876868
2022-08-19,32.125370025634766,-0.0096763907331224,-0.5575510441617892
2022-08-22,31.227304458618164,-0.028353206451162,-1.6192514629652681
2022-08-23,31.061357498168945,-0.0053283325682163,-0.29225223530775396
2022-08-24,31.315160751342773,0.0081378268924016,0.4797029813605347
2022-08-25,31.520151138305664,0.0065247106454205,0.38569566242943215
2022-08-26,30.9637393951416,-0.0178102370503391,-1.0092914198210787
2022-08-29,30.97350311279297,0.0003152777662321,0.03437501313173123
2022-08-30,31.13092803955078,0.00506969506079,0.30512097634713503
2022-08-31,31.111249923706055,-0.0006323080953875,-0.018877378243544667
2022-09-01,31.02269744873047,-0.0028503753157522,-0.14864866417272724
2022-09-02,30.737363815307617,-0.0092401353797662,-0.5128622611194988
2022-09-06,30.05846405029297,-0.0223346900728951,-1.2618843965075042
2022-09-07,30.37331771850586,0.0104202294860109,0.6176209684104171
2022-09-08,30.44219017028809,0.0022649644347788,0.14406666416164962
2022-09-09,31.45561790466309,0.0327481161042169,1.8836309553807675
2022-09-12,31.78030776977539,0.0102692485342306,0.5917423624416756
2022-09-13,30.59961700439453,-0.037859352763559,-2.135305429992991
2022-09-14,30.530742645263672,-0.0022533611341018,-0.11894908645026503
2022-09-15,31.514652252197266,0.0317184569962176,1.8243131088720728
2022-09-16,30.688167572021484,-0.0265754293533111,-1.4952559822243072
2022-09-19,31.435941696166992,0.0240747191260745,1.387483272639305
2022-09-20,31.189964294433594,-0.0078554924756673,-0.4313144549863547
2022-09-21,29.910877227783203,-0.0418741847183437,-2.3339782555324087
2022-09-22,29.40908432006836,-0.0169185840291927,-0.9211459522147611
2022-09-23,28.995840072631836,-0.0141512431695955,-0.7593855134800022
2022-09-26,28.494047164916992,-0.017457179874316,-0.9385528057967701
2022-09-27,28.248069763183594,-0.0086700657604093,-0.43719073150930804
2022-09-28,28.71051025390625,0.0162381383731125,0.966175753934057
2022-09-29,27.91354179382324,-0.0281513266360683,-1.5260318802794965
2022-09-30,28.04145050048828,0.0045718504896179,0.3129595850943473
2022-10-03,28.57276153564453,0.0187700796342635,1.1097598760907759
2022-10-04,29.497636795043945,0.0318562813422975,1.8319837573470203
2022-10-05,28.779382705688477,-0.024650898990342,-1.3160519579802346
2022-10-06,28.543243408203125,-0.0082390026164839,-0.4006682951079132
2022-10-07,28.64163398742676,0.0034411432111196,0.2527562651690857
2022-10-10,28.46453094482422,-0.0062026091442125,-0.282743311644632
2022-10-11,28.070966720581055,-0.0139229545377002,-0.7109383654179401
2022-10-12,27.834827423095703,-0.0084478077970189,-0.4040771705530394
2022-10-13,28.907289505004883,0.0378057737006419,2.1485625124772634
2022-10-14,28.69083023071289,-0.0075162277634285,-0.35245095900158335
2022-10-17,26.36880111694336,-0.084396032125739,-4.4063907725623945
2022-10-18,27.13625144958496,0.028688990408428,1.5863331251275512
2022-10-19,27.2149658203125,0.0028965101322242,0.22771905506691878
2022-10-20,26.919790267944336,-0.0109053221638132,-0.499923525600725
2022-10-21,27.165769577026367,0.0090959955209252,0.5551820692073688
2022-10-24,27.283838272094727,0.0043368128728471,0.30133739321846376
2022-10-25,27.54949378967285,0.0096896389877902,0.5800191759544587
2022-10-26,26.81648063659668,-0.0269675135497454,-1.353895055517733
2022-10-27,26.142501831054688,-0.0254542351079152,-1.2782390185832375
2022-10-28,26.77220344543457,0.0238017518646253,1.3234858189175136
2022-10-31,26.762365341186523,-0.0003675421164971,0.04200861431577304
2022-11-01,28.14967918395996,0.0505393355785558,2.712246014853049
2022-11-02,27.716758728027344,-0.0154987193769575,-0.7510545020240448
2022-11-03,27.569171905517575,-0.0053390499681971,-0.2164756171702799
2022-11-04,27.38222885131836,-0.0068039676084204,-0.29312114790799365
2022-11-07,26.998504638671875,-0.0141127401873146,-0.6725688188813144
2022-11-08,27.175609588623047,0.006538384002031,0.406661687781921
2022-11-09,26.23105239868164,-0.0353759496983604,-1.77873313618055
2022-11-10,27.25432014465332,0.0382681309406254,2.0431222510530525
2022-11-11,28.297266006469727,0.037553146475148,1.986265748526235
2022-11-14,28.326784133911133,0.0010426004512964,0.10815763028065097
2022-11-15,28.5235652923584,0.006922805095521,0.4105662267247868
2022-11-16,28.39565658569336,-0.0044944016363478,-0.1803577769746318
2022-11-17,28.375980377197266,-0.0006931704046793,0.015288318666016962
2022-11-18,28.671152114868164,0.0103484385257563,0.5791320202110433
2022-11-21,28.375980377197266,-0.0103484385257561,-0.4897267016516539
2022-11-22,28.65147399902344,0.0096618643768808,0.5393257837131686
2022-11-23,28.779382705688477,0.004454362184171,0.27142686173602565
2022-11-25,28.976163864135746,0.00681430378866,0.38932749972215686
2022-11-28,28.779382705688477,-0.0068143037886599,-0.31828141695324524
2022-11-29,29.458280563354492,0.0233157917000499,1.2306412828883082
2022-11-30,30.028949737548828,0.0191868634050092,1.009529531451537
2022-12-01,29.792810440063477,-0.0078948036062123,-0.40225169952373224
2022-12-02,30.117502212524418,0.0108393676191193,0.5790299584482538
2022-12-05,29.664899826049805,-0.015141948756763,-0.7734494493984629
2022-12-06,28.75970458984375,-0.0309892616282472,-1.587352089271625
2022-12-07,28.45469093322754,-0.0106622308388896,-0.525213664217356
2022-12-08,28.789220809936523,0.0116880092518091,0.6385010364087348
2022-12-09,28.93680763244629,0.0051133656018019,0.29421672715992025
2022-12-12,29.182785034179688,0.0084645765435178,0.4673436528220082
2022-12-13,29.55667304992676,0.0127305588954488,0.6840357543475061
2022-12-14,29.291017532348633,-0.0090286405312688,-0.4487021481444416
2022-12-15,28.277587890625,-0.0352113565938547,-1.791748054756332
2022-12-16,28.21855354309082,-0.0020898549006024,-0.07430640317987078
2022-12-19,27.18544578552246,-0.0372979399847141,-1.8785383321061342
2022-12-20,27.647886276245117,0.0168675306606123,0.9020271951787528
2022-12-21,27.933218002319336,0.0102673106753525,0.5630492201363169
2022-12-22,28.0808048248291,0.0052696505836019,0.30448695892860556
2022-12-23,28.385818481445312,0.0108034306061674,0.5890347856523865
2022-12-27,28.198875427246097,-0.0066075725234729,-0.30400796679434106
2022-12-28,27.697080612182617,-0.0179550841053957,-0.8815033017333314
2022-12-29,28.120161056518555,0.0151597798212181,0.8122895519193682
2022-12-30,27.99225425720215,-0.0045589561645726,-0.19613250386738654
2023-01-03,27.884023666381836,-0.0038739418657593,-0.16315990533004746
2023-01-04,28.897451400756836,0.0356995080367363,1.8581747663181387
2023-01-05,28.484209060668945,-0.0144035387291974,-0.6995512300775681
2023-01-06,29.320531845092773,0.0289381505063128,1.5007923945039723
2023-01-09,28.92696762084961,-0.0135137204943072,-0.6535252204955341
2023-01-10,29.497636795043945,0.0195358558068422,1.0287496371369387
2023-01-11,29.605867385864254,0.0036624126876183,0.2196398499561535
2023-01-12,29.76329231262207,0.0053032684483764,0.30143847386334344
2023-01-13,29.82232666015625,0.001981497142015,0.13404662285528474
2023-01-17,29.39924430847168,-0.0142883595515297,-0.688704138685095
2023-01-18,29.0450382232666,-0.0121213027755731,-0.5724657467921193
2023-01-19,28.93680763244629,-0.0037332621935717,-0.14920973744847893
2023-01-20,29.231979370117188,0.0101488886543054,0.5588213736410806
2023-01-23,30.196212768554688,0.0324532175962443,1.6881303430175127
2023-01-24,30.137178421020508,-0.0019569384451987,-0.07714483162509403
2023-01-25,30.82591438293457,0.0225961392333898,1.1854627344288398
2023-01-26,31.209640502929688,0.0123713252758224,0.6572120965544448
2023-01-27,31.111249923706055,-0.0031575499097405,-0.145639885484384
2023-01-30,30.90462875366211,-0.0066635171182208,-0.3241254648846112
2023-01-31,31.189964294433594,0.009190415304697,0.5066685627249592
2023-02-01,31.494972229003903,0.0097315354716566,0.5357087768408749
2023-02-02,32.183712005615234,0.0216325649214434,1.1480920787004565
2023-02-03,31.78030776977539,-0.0126136407887529,-0.6294388478939121
2023-02-06,31.298192977905273,-0.0152864819030714,-0.7635319712200326
2023-02-07,31.288352966308594,-0.0003144449507256,0.01335049321180988
2023-02-08,32.67566680908203,0.0433847480255185,2.25166160502661
2023-02-09,32.67566680908203,0.0,0.021082879184686047
2023-02-10,32.665828704833984,-0.0003011288384207,0.019711106095649824
2023-02-13,32.547760009765625,-0.003620988398305,-0.15383972921123107
2023-02-14,32.596954345703125,0.0015103096475404,0.11328414084947239
2023-02-15,33.80716323852539,0.0364538511389969,1.9344404644433437
2023-02-16,33.443119049072266,-0.0108266533034242,-0.5416736636597635
2023-02-17,33.66941833496094,0.0067439006894071,0.377475603295548
2023-02-21,32.8232536315918,-0.0254527411699356,-1.3030087716475982
2023-02-22,33.13810348510742,0.0095465666104821,0.5238364403609058
2023-02-23,33.02987289428711,-0.0032713917899924,-0.14725903601823973
2023-02-24,32.52808380126953,-0.015308558041671,-0.7780738450053479
2023-02-27,32.32145690917969,-0.0063725228912692,-0.3101575470312375
2023-02-28,31.974449157714844,-0.0107941902361473,-0.5355884340250369
2023-03-01,31.766244888305664,-0.0065328755204591,-0.31038043173952284
2023-03-02,32.02402114868164,0.0080820375752228,0.45271083730016576
2023-03-03,31.924877166748047,-0.0031007277366886,-0.12570244688364246
2023-03-06,31.79598617553711,-0.004045493429822,-0.17387071330602516
2023-03-07,31.696840286254883,-0.0031230605217075,-0.12682065890890173
2023-03-08,31.56795310974121,-0.0040745364968046,-0.18285644577670584
2023-03-09,30.36828994750977,-0.0387434937267497,-2.005244025670035
2023-03-10,30.249317169189453,-0.0039253588765608,-0.16825486458637812
2023-03-13,29.475980758666992,-0.025897891177833,-1.3302527893709333
2023-03-14,29.932050704956055,0.0153541160967352,0.8467652117521078
2023-03-15,29.57512664794922,-0.0119961441026322,-0.599955749090247
2023-03-16,29.961793899536133,0.0129893412240218,0.7259924061049466
2023-03-17,29.842819213867188,-0.0039787847936734,-0.16892728646405022
2023-03-20,30.437694549560547,0.0197375440450512,1.0839381494692488
2023-03-21,30.764873504638672,0.0106917759250126,0.6057203308214717
2023-03-22,30.30880355834961,-0.0149353517243497,-0.7526829069252614
2023-03-23,30.645898818969727,0.0110606297490626,0.6255668602084631
2023-03-24,30.120426177978516,-0.0172952943772486,-0.8778962376805662
2023-03-27,30.71529960632324,0.01955733679908,1.0726682687945048
2023-03-28,29.872562408447266,-0.0278204750658508,-1.4230309186220853
2023-03-29,30.259231567382812,0.012860899801346,0.7169196991309261
2023-03-30,30.626068115234375,0.0120502317873938,0.6729202919884304
2023-03-31,31.04248046875,0.0135050586420846,0.7433438665081596
2023-04-03,31.10196876525879,0.0019145173997878,0.12835776321331582
2023-04-04,30.893762588500977,-0.0067168159803883,-0.3267652031711784
2023-04-05,30.754959106445312,-0.0045030525463668,-0.20755469304770957
2023-04-06,30.47735023498535,-0.0090674605122605,-0.4529783675968669
2023-04-10,30.923505783081055,0.0145328071767207,0.7934145484998024
2023-04-11,31.201112747192383,0.0089371594851564,0.49373091231043165
2023-04-12,30.745044708251953,-0.0147249255858535,-0.7519972321564768
2023-04-13,30.903676986694336,0.0051463395896299,0.29624310040611734
2023-04-14,30.487266540527344,-0.0135660671919068,-0.689261034059538
2023-04-17,30.953248977661133,0.0151688627012636,0.8269317991057137
2023-04-18,30.933422088623047,-0.000640748302496,-0.007979864473600138
2023-04-19,30.79461669921875,-0.0044973281538174,-0.20992599935618028
2023-04-20,30.626068115234375,-0.0054883467215536,-0.2597905928702729
2023-04-21,30.55666732788086,-0.0022686405443126,-0.08774315223004266
2023-04-24,29.654441833496097,-0.0299709818341374,-1.5428774940099428
2023-04-25,29.466066360473633,-0.0063726147245354,-0.30288937808532107
2023-04-26,29.475980758666992,0.0003364117390366,0.0496745855117205
2023-04-27,29.892391204833984,0.0140282531328416,0.7649962108349054
2023-04-28,30.27906036376953,0.0128524232504226,0.698073957016773
2023-05-01,30.35837745666504,0.0026161111347683,0.15668609125283278
2023-05-02,30.07085418701172,-0.0095161044276623,-0.48851181207344224
2023-05-03,29.713930130004883,-0.0119404394195383,-0.6113996698701045
2023-05-04,28.385377883911133,-0.0457418144587166,-2.370908720211377
2023-05-05,29.138885498046875,0.0261994042349092,1.403020460382493
2023-05-08,29.307432174682617,0.0057675881243954,0.3271150039102398
2023-05-09,28.871192932128903,-0.0149968280532236,-0.780741243233236
2023-05-10,28.395294189453125,-0.0166208797597481,-0.8835503089573805
2023-05-11,27.919395446777344,-0.0169018092759829,-0.9008434445243136
2023-05-12,28.02845573425293,0.0038986457320977,0.22391379832477007
2023-05-15,28.375465393066406,0.0123046068453708,0.6771242401358145
2023-05-16,27.96896743774414,-0.014429287429508,-0.7603047484357561
2023-05-17,28.682815551757812,0.0252025924183552,1.367523259114644
2023-05-18,28.45478248596191,-0.0079819342890071,-0.41120557665406027
2023-05-19,28.672901153564453,0.0076362181560175,0.4258413217914894
2023-05-22,28.71255874633789,0.0013821479920482,0.08497562145543294
2023-05-23,28.73238754272461,0.0006903582805863,0.04828565404304467
2023-05-24,28.405208587646484,-0.0114524429885886,-0.6058485325930164
2023-05-25,28.672901153564453,0.009379936715954,0.5237591110756957
2023-05-26,29.00008201599121,0.0113461920794229,0.637666504244496
2023-05-30,29.03974151611328,0.0013666308365921,0.09125941053685804
2023-05-31,28.96042251586914,-0.0027351319092418,-0.13200660861843597
2023-06-01,28.950510025024418,-0.0003423357389222,0.0026064907498343
2023-06-02,29.585041046142575,0.0216810422162428,1.229444457142234
2023-06-05,29.82299041748047,0.0080107230602275,0.45877059468902054
2023-06-06,30.189828872680664,0.0122254887732179,0.6905626704484824
2023-06-07,30.913591384887695,0.0236908624831572,1.3230476155687994
2023-06-08,31.34983253479004,0.0140129874303045,0.7823958921761768
2023-06-09,31.131711959838867,-0.0069819484388861,-0.39351683656837905
2023-06-12,31.09205436706543,-0.001274676879401,-0.07761869768823332
2023-06-13,30.913591384887695,-0.0057563621120172,-0.3364696501182413
2023-06-14,30.923505783081055,0.0003206618270383,-7.404491108999125e-05
2023-06-15,31.28042984008789,0.0114760576050686,0.6332212692761273
2023-06-16,31.230857849121097,-0.0015860176038793,-0.10156793028628794
2023-06-20,30.824359893798828,-0.0131013566483097,-0.7605652396211706
2023-06-21,30.764873504638672,-0.0019317145018907,-0.12373001202406642
2023-06-22,30.55666732788086,-0.0067906635748789,-0.3964576331722652
2023-06-23,30.36828994750977,-0.0061839347652424,-0.3639626538720135
2023-06-26,30.80453109741211,0.0142628225324503,0.8005343529067946
2023-06-27,31.87530517578125,0.0341697848631827,1.9266593661348852
2023-06-28,31.81581687927246,-0.0018680253036258,-0.1210784343758772
2023-06-29,31.83564567565918,0.0006230429351418,0.018247370143820576
2023-06-30,31.617525100708008,-0.0068750365482017,-0.4074362366192456
2023-07-03,31.94470596313477,0.0102949108814902,0.5643322429914988
2023-07-05,31.756328582763672,-0.0059144386223202,-0.35256959990750925
2023-07-06,31.57786750793457,-0.005635551034448,-0.3349541601048878
2023-07-07,31.64726829528809,0.0021953551968031,0.11230562494668885
2023-07-10,31.33991813659668,-0.0097592102613324,-0.5677199593813216
2023-07-11,31.429149627685547,0.0028431695539388,0.15139717673182543
2023-07-12,31.34983253479004,-0.00252686910068,-0.15812439866225173
2023-07-13,31.34983253479004,0.0,-0.01084818692396247
2023-07-14,30.864017486572266,-0.0156179025399008,-0.9034424815993247
2023-07-17,31.08213996887207,0.0070423539646809,0.39010171285933004
2023-07-18,31.59769630432129,0.0164508394769581,0.9379752637664248
2023-07-19,31.409318923950195,-0.0059795862724642,-0.3551033227732193
2023-07-20,31.458892822265625,0.0015770739206136,0.08724687929779339
2023-07-21,31.151540756225582,-0.0098179973321827,-0.5678196932220199
2023-07-24,30.873931884765625,-0.0089515069650644,-0.513637599250133
2023-07-25,30.71529960632324,-0.0051513105583735,-0.29091057133659987
2023-07-26,30.903676986694336,0.0061142841913996,0.3617413940110414
2023-07-27,30.764873504638672,-0.0045016046379441,-0.2626686596593268
2023-07-28,30.85410499572754,0.0028962360504726,0.1731516225260653
2023-07-31,31.141626358032227,0.009275587769295,0.5463638562493618
2023-08-01,30.963163375854492,-0.0057471726145896,-0.34760146315041524
2023-08-02,30.992908477783203,0.0009601998100962,0.05218313578471986
2023-08-03,30.7252140045166,-0.0086747989476304,-0.5194581573490955
2023-08-04,30.81444549560547,0.002899969039437,0.17034687847583319
2023-08-07,30.873931884765625,0.0019286098978368,0.11138679574011148
2023-08-08,32.589149475097656,0.0540671952582286,3.134778068232603
2023-08-09,32.25205612182617,-0.0103975978575377,-0.6195044871496259
2023-08-10,31.99427795410156,-0.0080247240487296,-0.47771526908813083
2023-08-11,32.1727409362793,0.0055624663702946,0.32200216793746406
2023-08-14,31.488636016845703,-0.0214928198750058,-1.2597605304999338
2023-08-15,31.627439498901367,0.0043983630062883,0.2693898862343459
2023-08-16,31.191198348999023,-0.013889131560047,-0.807981330332915
2023-08-17,30.665727615356445,-0.0169902841440986,-0.9840840083760195
2023-08-18,31.02265357971191,0.0115720315717537,0.6931718885680599
2023-08-21,30.7252140045166,-0.00963407765842,-0.5543592225057974
2023-08-22,30.328632354736328,-0.0129913920649174,-0.7508028060857769
2023-08-23,30.378204345703125,0.0016331604372558,0.10307206312755987
2023-08-24,30.03119659423828,-0.0114886611300215,-0.671159742183622
2023-08-25,29.892391204833984,-0.0046327545716344,-0.2630154072945839
2023-08-28,30.170000076293945,0.0092440824420413,0.5566862692958146
2023-08-29,30.520000457763672,0.0115341657152945,0.6860173884919295
2023-08-30,30.88999938964844,0.0120502657565521,0.7130801910236699
2023-08-31,30.520000457763672,-0.012050265756552,-0.707216120029378
2023-09-01,28.75,-0.0597444541717064,-3.4273963698878993
2023-09-05,29.049999237060547,0.0103806897915843,0.6132539132514904
2023-09-06,28.989999771118164,-0.0020675219965793,-0.10581901946256145
2023-09-07,28.459999084472656,-0.0184513745455745,-1.0524702910581674
2023-09-08,28.899999618530273,0.0153420214259518,0.8961416916314446
2023-09-11,29.219999313354492,0.0110118009046494,0.6439108385030721
2023-09-12,29.579999923706055,0.0122450718800214,0.7241371906915772
2023-09-13,28.950000762939453,-0.0215282243307145,-1.2240126658228356
2023-09-14,29.520000457763672,0.0194977848664726,1.1440443125001674
2023-09-15,29.299999237060547,-0.0074805252550389,-0.4260859460041622
2023-09-18,29.170000076293945,-0.0044467034890085,-0.24271902055870453
2023-09-19,29.40999984741211,0.0081939608824804,0.49240544461294944
2023-09-20,28.729999542236328,-0.0233928903197047,-1.3568935034100547
2023-09-21,29.59000015258789,0.0294946145109573,1.7397132454271622
2023-09-22,28.850000381469727,-0.0253264653922273,-1.4862333613137193
2023-09-25,28.760000228881836,-0.0031244653654441,-0.17951032491375912
2023-09-26,28.540000915527344,-0.0076788966837516,-0.45076943299886457
2023-09-27,28.6299991607666,0.0031484456695125,0.18561031030027347
2023-09-28,28.86000061035156,0.0080014846974812,0.46955696254925244
2023-09-29,28.8799991607666,0.0006927104708693,0.03977509250698777
2023-10-02,28.56999969482422,-0.0107920794043016,-0.6498879267607034
2023-10-03,28.030000686645508,-0.0190818158874913,-1.1364682418601835
2023-10-04,28.049999237060547,0.0007132150959335,0.046962835901465425
2023-10-05,27.979999542236328,-0.0024986518924909,-0.13768290733527067
2023-10-06,28.1299991607666,0.0053466397907126,0.32839200449991396
2023-10-09,28.61000061035156,0.016919735727864,1.0197126208952418
2023-10-10,28.920000076293945,0.0107770715331439,0.6470633310302527
2023-10-11,28.809999465942383,-0.0038108693694609,-0.23255036268197196
2023-10-12,28.399999618530273,-0.0143333988240786,-0.8665285291372592
2023-10-13,28.579999923706055,0.0063180380971064,0.3745035751096265
2023-10-16,29.18000030517578,0.0207763837207941,1.2591625135416236
2023-10-17,29.40999984741211,0.0078511938245757,0.47070484664340023
2023-10-18,29.020000457763672,-0.0133494841474868,-0.87987277801691
2023-10-19,28.510000228881836,-0.0177303522774118,-1.1533750185718286
2023-10-20,28.299999237060547,-0.007393133262505,-0.4854542090606579
2023-10-23,28.06999969482422,-0.0081603981883643,-0.5357350362273239
2023-10-24,28.079999923706055,0.0003561969387536,0.014476633033464225
2023-10-25,27.829999923706055,-0.0089430036442182,-0.5805437929388386
2023-10-26,27.440000534057617,-0.0141127504759458,-0.906341129533219
2023-10-27,27.11000061035156,-0.0120991362959614,-0.7844359802048249
2023-10-30,27.219999313354492,0.0040492859730839,0.2525855781768288
2023-10-31,27.90999984741211,0.0250330700835423,1.6143246419654478
2023-11-01,27.899999618530273,-0.0003583669265204,-0.0339877741489341
2023-11-02,28.450000762939453,0.0195215122346223,1.2881715687991302
2023-11-03,29.329999923706055,0.030462692998942,1.9879854806472241
2023-11-06,28.8700008392334,-0.0158078576438969,-1.0492663974816092
2023-11-07,28.489999771118164,-0.0132498822681806,-0.8787515241460053
2023-11-08,28.200000762939453,-0.0102311354773983,-0.6824630486030197
2023-11-09,27.700000762939453,-0.017889564262425,-1.175620459131873
2023-11-10,28.079999923706055,0.0136251357043565,0.8820995633948042
2023-11-13,27.56999969482422,-0.0183293624740094,-1.2255762926168854
2023-11-14,28.1200008392334,0.019752882820599,1.331221293367792
2023-11-15,28.459999084472656,0.0120184637056108,0.806651743217456
2023-11-16,28.13999938964844,-0.0113075304963682,-0.7559621920150198
2023-11-17,28.43000030517578,0.0102529064007735,0.6878762982591875
2023-11-20,28.63999938964844,0.0073593843840912,0.4912765430890045
2023-11-21,28.290000915527344,-0.0122959031055864,-0.8210491177209863
2023-11-22,28.350000381469727,0.002118625953783,0.14245710563331615
2023-11-24,28.440000534057617,0.0031695800839539,0.21489307667381788
2023-11-27,28.239999771118164,-0.0070572191932767,-0.4689078517361212
2023-11-28,27.8799991607666,-0.0128298487294661,-0.8504836947784826
2023-11-29,27.690000534057617,-0.0068381993208028,-0.44849816182818464
2023-11-30,27.65999984741211,-0.0010840357498336,-0.05623748023948586
2023-12-01,28.260000228881836,0.0214600646354683,1.461934790646917
2023-12-04,28.170000076293945,-0.0031898007589047,-0.2000052242855228
2023-12-05,27.459999084472656,-0.0255272175971955,-1.6879546913115897
2023-12-06,27.290000915527344,-0.0062099987310905,-0.39505034628437175
2023-12-07,27.329999923706055,0.0014646288800589,0.11297794768634407
2023-12-08,28.010000228881836,0.0245766002950557,1.6623175203921148
2023-12-11,27.6200008392334,-0.0140214190773153,-0.9344191270184973
2023-12-12,27.149999618530273,-0.0171631460366407,-1.1376485837468273
2023-12-13,27.61000061035156,0.0168010157187464,1.1428832203021955
2023-12-14,28.0,0.0140264621269635,0.955935180556854
2023-12-15,27.649999618530273,-0.0125787960032337,-0.8284330350397352
2023-12-18,27.6299991607666,-0.0007236056106375,-0.04284658334918705
2023-12-19,27.899999618530273,0.009724566593237,0.6621211256675316
2023-12-20,27.459999084472656,-0.0158963081551439,-1.0914790494352797
2023-12-21,27.88999938964844,0.0155378127557274,1.0622515139985118
2023-12-22,27.75,-0.0050323395627099,-0.34327410452756596
2023-12-26,27.850000381469727,0.0035971398781466,0.24893441498466287
2023-12-27,27.63999938964844,-0.0075690032533051,-0.5121264488071764
2023-12-28,27.700000762939453,0.0021684639189479,0.15371192720125657
2023-12-29,27.649999618530273,-0.0018067265642626,-0.12392595460059924
