Date,log_returns_zscore
2000-01-07,0.0
2000-01-14,0.7071067811865476
2000-01-24,-0.23248589929459637
2000-01-31,-0.5856358073662026
2000-02-07,0.0447838503569352
2000-02-14,0.6025591087468611
2000-02-22,-0.17441141779446148
2000-02-29,0.9444663219316787
2000-03-07,-0.6837849768549876
2000-03-14,-1.6856226872290971
2000-03-21,0.8969840304038182
2000-03-28,-0.64546665202844
2000-04-04,-0.35169572661885434
2000-04-11,0.15302255991198663
2000-04-18,-0.18170284615626375
2000-04-26,-0.8545589252507313
2000-05-03,0.8690854150463688
2000-05-10,0.30640941994331355
2000-05-17,-0.16305833067775186
2000-05-24,-0.8636452557740588
2000-06-01,1.8041777236327885
2000-06-08,0.35199374213346696
2000-06-15,1.2083929398848952
2000-06-22,0.3175366088632437
2000-06-29,0.8752384892250611
2000-07-07,-0.15875618154652538
2000-07-14,-0.9851306039245672
2000-07-21,-0.9076827204249652
2000-07-28,-0.9301399288777326
2000-08-04,0.06370262449362403
2000-08-11,-1.527812241918082
2000-08-18,-2.0944469145529356
2000-08-25,1.6805424506568796
2000-09-01,0.7329034024782135
2000-09-11,-0.8403081231045763
2000-09-18,-0.36014496860539336
2000-09-25,1.394328176295667
2000-10-02,0.22039365086171572
2000-10-09,-0.9729312815687512
2000-10-16,-0.029498710542169796
2000-10-23,1.3832665305698653
2000-10-30,-1.9633300521830797
2000-11-06,0.6749201014464911
2000-11-13,-1.1725609932992471
2000-11-20,-0.36115969852862906
2000-11-28,0.2851766642703003
2000-12-05,-0.47574309311819
2000-12-12,-1.3378527775819355
2000-12-19,-1.0230993094239982
2000-12-27,-0.43956706866594414
2001-01-04,-1.3365541500390383
2001-01-11,-0.4231312987636903
2001-01-19,1.3153675540199818
2001-01-26,0.387143924894759
2001-02-02,-1.1087027696695915
2001-02-09,-0.38136357956936034
2001-02-16,-0.13936823930335815
2001-02-26,0.6165237032806745
2001-03-05,0.8979845932146059
2001-03-12,-0.9555665769892159
2001-03-19,0.09630195779477865
2001-03-26,-0.11104545885967289
2001-04-02,-0.4014173879862032
2001-04-09,0.22133355730139473
2001-04-17,0.9375216724609248
2001-04-24,0.21320645102303878
2001-05-01,1.5588543522230025
2001-05-08,-0.21513166496869465
2001-05-15,-0.23976995577164495
2001-05-22,1.1169577481704958
2001-05-30,-1.1141886463953217
2001-06-06,0.5490515461542012
2001-06-13,-0.5418892131848757
2001-06-20,-1.0812920975452083
2001-06-27,-0.19533674173760285
2001-07-05,0.8300926350347028
2001-07-12,0.3842589785585324
2001-07-19,-0.293489918867422
2001-07-26,0.5636993049624845
2001-08-02,-0.12128427331045455
2001-08-09,-0.021620269087049563
2001-08-16,0.6820629644281632
2001-08-23,1.056770252600696
2001-08-30,-0.6498991258178073
2001-09-07,-0.8632944097487141
2001-09-20,-0.8340108728319673
2001-09-27,0.6690887376810942
2001-10-04,0.21299797525466335
2001-10-11,0.37588856813912547
2001-10-18,-0.09287433968898706
2001-10-25,0.6206252364892154
2001-11-01,-0.13860455422548762
2001-11-08,0.6330578393482609
2001-11-15,-0.08995934190180732
2001-11-23,0.8139226342813087
2001-11-30,-0.13063170846238864
2001-12-07,0.6703240517182856
2001-12-14,-0.2684960458824732
2001-12-21,0.9506975622184365
2001-12-31,0.6175698660420974
2002-01-08,-0.4512701243219317
2002-01-15,-0.3659673844965904
2002-01-23,-0.14578155074695487
2002-01-30,-1.4133334695834576
2002-02-06,-0.05683613956797342
2002-02-13,0.4824818612392155
2002-02-21,-1.8659567453055188
2002-02-28,0.44860684350559193
2002-03-07,-1.2338569206638539
2002-03-14,1.0593089714867543
2002-03-21,0.06964326604905607
2002-03-28,-0.8769842614535013
2002-04-05,-0.29208943329410714
2002-04-12,0.27348586568757155
2002-04-19,0.039875173303487825
2002-04-26,-0.4541726984552639
2002-05-03,0.14448203599999535
2002-05-10,0.17560391876321593
2002-05-17,2.833618419261884
2002-05-24,-0.6316127469190073
2002-06-03,-0.30091235826827867
2002-06-10,-0.3746551721142836
2002-06-17,0.28972745066780764
2002-06-24,-1.3333074996178294
2002-07-01,-0.07966909942851559
2002-07-09,-2.437375774170725
2002-07-16,1.0289668383078734
2002-07-23,-1.493436168582248
2002-07-30,3.1709000047833515
2002-08-06,-0.9255626709565713
2002-08-13,0.5873926301987492
2002-08-20,1.4836570846663062
2002-08-27,-0.632789595785354
2002-09-04,-0.48840660719822643
2002-09-11,0.6970913955595868
2002-09-18,0.2717446876904082
2002-09-25,0.5792244671086373
2002-10-02,0.615911256423259
2002-10-09,-1.4140078416172825
2002-10-16,1.0017334828816649
2002-10-23,-0.4339655911803273
2002-10-30,0.4668828765243659
2002-11-06,-0.05256187380751319
2002-11-13,-0.41985549895550667
2002-11-20,0.5469139124968474
2002-11-27,-0.5563906877108357
2002-12-05,-0.8801831130249061
2002-12-12,0.11564040986991407
2002-12-19,-0.3344429984941669
2002-12-27,-0.0526107677407609
2003-01-06,-0.6839851468082149
2003-01-13,0.2570402259554447
2003-01-21,-1.00043326625594
2003-01-28,-1.2775018614843958
2003-02-04,-0.44481085084331945
2003-02-11,-0.17611714046776253
2003-02-19,0.1836386121927653
2003-02-26,-0.5751093916923379
2003-03-05,0.36303586652726566
2003-03-12,-0.046306783124122564
2003-03-19,0.6014257581975408
2003-03-26,-0.12164196045420761
2003-04-02,-0.3491387581139377
2003-04-09,-1.2968055654700184
2003-04-16,0.1994592702478089
2003-04-24,1.4098073466752221
2003-05-01,3.0936383569172747
2003-05-08,-0.616434426287545
2003-05-15,0.4011128487680822
2003-05-22,-0.1719192580545526
2003-05-30,1.6156275831160631
2003-06-06,0.4501806905671582
2003-06-13,-0.11763666132740754
2003-06-20,-0.3561956465536746
2003-06-27,0.902309642286748
2003-07-07,0.4739662757371527
2003-07-14,0.36450732704845584
2003-07-21,-0.7753001396396404
2003-07-28,0.30733655431841345
2003-08-04,-0.728989323519208
2003-08-11,-1.4878432097086551
2003-08-18,2.760245354886866
2003-08-25,0.36442917034287514
2003-09-02,0.017853647746758156
2003-09-09,-0.292564938685312
2003-09-16,-0.11091693664091364
2003-09-23,0.37881634123499286
2003-09-30,-1.6321191513439082
2003-10-07,0.5826769355220064
2003-10-14,0.49095439404427504
2003-10-21,-0.12175914547725074
2003-10-28,-0.026840604680454898
2003-11-04,0.38432558586745647
2003-11-11,-0.4566006534923809
2003-11-18,0.040569952680059446
2003-11-25,0.9038593290128198
2003-12-03,0.516780654702657
2003-12-10,-0.22481929214954832
2003-12-17,0.2727165572079183
2003-12-24,0.030581266756996857
2004-01-02,-0.18035949471010992
2004-01-09,-0.37676865642930013
2004-01-16,0.3295919464886164
2004-01-26,0.6769803063235263
2004-02-02,-0.663201780268954
2004-02-09,-0.23332258840247697
2004-02-17,0.563673025791818
2004-02-24,-0.7628054094385681
2004-03-02,0.30050712130141155
2004-03-09,-0.5623618957563932
2004-03-16,-0.889841980141658
2004-03-23,-0.464769091100492
2004-03-30,0.6003786729278292
2004-04-06,0.11502352888678473
2004-04-14,-0.7067783464072606
2004-04-21,0.2315288872822772
2004-04-28,-0.2928053236503414
2004-05-05,-0.052660589471816566
2004-05-12,-0.6893454355486689
2004-05-19,-0.9133192708970905
2004-05-26,0.7566560370917697
2004-06-03,-0.5677861802596812
2004-06-10,-0.06447991540549629
2004-06-18,0.48574870762892103
2004-06-25,0.6657298916764842
2004-07-02,0.1290823876358018
2004-07-12,-0.8672226020712842
2004-07-19,-0.4403604757321833
2004-07-26,-1.3902410331780286
2004-08-02,0.25144591660121857
2004-08-09,-1.794246053849994
2004-08-16,1.1997078659697977
2004-08-23,1.1316815720461206
2004-08-30,-0.1386979559906363
2004-09-07,0.4269902427986963
2004-09-14,0.4549291273155675
2004-09-21,-0.23219335998887722
2004-09-28,-1.7843255407607368
2004-10-05,0.993556768398134
2004-10-12,-2.2466446739953554
2004-10-19,-0.06230925360197583
2004-10-26,-1.182400995003459
2004-11-02,0.027563030328701527
2004-11-09,2.0999823104879964
2004-11-16,-0.6752135240565856
2004-11-23,0.04563606202795601
2004-12-01,0.23517667729630737
2004-12-08,0.2304134922782608
2004-12-15,1.3201306854261698
2004-12-22,-0.44151175827019995
2004-12-30,-0.288657537508586
2005-01-06,-0.9502260398250731
2005-01-13,-1.7187612547598337
2005-01-21,-1.0295503629631864
2005-01-28,0.44544733187915964
2005-02-04,0.15570083073624433
2005-02-11,0.09935209288573368
2005-02-18,-0.72479406089636
2005-02-28,0.1701638010187773
2005-03-07,3.7738020036807316
2005-03-14,1.3619558164418724
2005-03-21,-1.15507649914521
2005-03-29,0.28828047260760736
2005-04-05,0.31002923406427074
2005-04-12,0.3125853789853525
2005-04-19,-0.5116783002829248
2005-04-26,0.7560924123690822
2005-05-03,0.7600662078793363
2005-05-10,0.7542233232921022
2005-05-17,0.35134023600238456
2005-05-24,0.9863684519501764
2005-06-01,-0.6942170634266253
2005-06-08,-0.7816259462478782
2005-06-15,0.5428435638710837
2005-06-22,-0.3322659829353727
2005-06-29,0.3780583390737461
2005-07-07,0.4585402371949078
2005-07-14,1.1308087055726204
2005-07-21,0.3834759925057864
2005-07-28,-0.7173536956553973
2005-08-04,-0.355226304231921
2005-08-11,0.3992523949655533
2005-08-18,1.0037361843176666
2005-08-25,1.3183035193685544
2005-09-01,0.8632597071900482
2005-09-09,0.015256186962632758
2005-09-16,-0.16961429936930844
2005-09-23,-0.4089328484202188
2005-09-30,-0.08424688421469016
2005-10-07,-1.3664772639670422
2005-10-14,-0.19107293414418272
2005-10-21,0.32404023737659565
2005-10-28,-1.1808347744889207
2005-11-04,-0.30590115966605735
2005-11-11,-0.8039758407172404
2005-11-18,0.5321829249831479
2005-11-28,0.30700499741752285
2005-12-05,0.545904269610065
2005-12-12,-0.3944217071371877
2005-12-19,-0.36940331029881857
2005-12-27,-0.05433916094332139
2006-01-04,0.30810351098608285
2006-01-11,1.0737909673552077
2006-01-19,-0.6252110786334215
2006-01-26,-0.24724957007217627
2006-02-02,-1.7697386590452409
2006-02-09,-0.4985523408185583
2006-02-16,1.1023329420400412
2006-02-24,-0.2558938238028028
2006-03-03,-0.32034882047065283
2006-03-10,-0.6574154520113761
2006-03-17,0.19217120779083546
2006-03-24,-0.5964490867954231
2006-03-31,0.23008044269050523
2006-04-07,-2.383611506081545
2006-04-17,-0.6047217008709166
2006-04-24,0.5506854067559905
2006-05-01,-0.907873356133772
2006-05-08,-0.8971862053089157
2006-05-15,-2.0614206314120387
2006-05-22,0.29607550659080073
2006-05-30,-0.7166832906829022
2006-06-06,0.24434183387825778
2006-06-13,-2.1904435171870786
2006-06-20,-0.5053324713733339
2006-06-27,-0.5122521500622713
2006-07-05,0.9875317993219248
2006-07-12,-1.0721934381455474
2006-07-19,0.5256374780785773
2006-07-26,-0.5455408581561932
2006-08-02,-0.1723966748271978
2006-08-09,-1.9040478691922271
2006-08-16,2.8756069498263654
2006-08-23,-0.4435664316476729
2006-08-30,0.41451225198702574
2006-09-07,-0.968597651800929
2006-09-14,1.5711065508601414
2006-09-21,-0.2723000743810167
2006-09-28,0.5922543923955949
2006-10-05,1.4249167023132074
2006-10-12,1.114703310185909
2006-10-19,-0.043135164736221115
2006-10-26,0.9873465363769036
2006-11-02,-0.7414193091307495
2006-11-09,0.1349103553374338
2006-11-16,0.43131607504269487
2006-11-24,-0.16072543482034551
2006-12-01,-0.8261899175285259
2006-12-08,-0.0019255924909358894
2006-12-15,0.2567618353072205
2006-12-22,0.15472057694099353
2007-01-03,0.7903213986650955
2007-01-10,0.7328906397237299
2007-01-18,1.1284830794091427
2007-01-25,1.0524684025710256
2007-02-01,-1.423071133006833
2007-02-08,-0.7879353385286176
2007-02-15,0.0015109521080916984
2007-02-23,-0.5440756950370751
2007-03-02,-0.31563517409023256
2007-03-09,0.17876492264558883
2007-03-16,-0.4207359655210325
2007-03-23,1.1552283846651359
2007-03-30,0.14726716221476677
2007-04-09,0.5159904201514157
2007-04-16,0.3116622278043477
2007-04-23,0.551892288774006
2007-04-30,-0.18062081377724679
2007-05-07,1.0998644609682946
2007-05-14,-1.241584472172819
2007-05-21,0.5627739387362856
2007-05-29,-0.24003943482539833
2007-06-05,-0.6906945070406457
2007-06-12,-1.3080036854847872
2007-06-19,-0.14690141664823395
2007-06-26,-0.2971831814463723
2007-07-03,0.152064704840146
2007-07-11,-0.5718898013901473
2007-07-18,1.411062823122065
2007-07-25,-0.385054137221522
2007-08-01,-1.660944637558957
2007-08-08,3.3743075740091357
2007-08-15,-0.5663325413145154
2007-08-22,0.4303258196633644
2007-08-29,0.46891774451800305
2007-09-06,1.8518952301673781
2007-09-13,-1.9221593153004106
2007-09-20,-0.7234423789331126
2007-09-27,0.11898390260306711
2007-10-04,0.2229150941826903
2007-10-11,1.356399130546384
2007-10-18,-0.6762847473741138
2007-10-25,0.6402129064376423
2007-11-01,-1.3815351928727777
2007-11-08,-1.0606622981863212
2007-11-15,0.6390028881088736
2007-11-23,-0.6425293499513896
2007-11-30,0.9234486191289433
2007-12-07,2.014122300375233
2007-12-14,-0.6139641156623693
2007-12-21,-0.02671817391503167
2007-12-31,-1.4528190466605377
2008-01-08,1.1255675937934424
2008-01-15,-1.4262035305697403
2008-01-23,-2.701611410848598
2008-01-30,1.7069715481020125
2008-02-06,0.4648316604464282
2008-02-13,1.9031584457009836
2008-02-21,-0.6829792934602156
2008-02-28,0.1945322141622706
2008-03-06,-0.12391487591604387
2008-03-13,-1.1999938720105194
2008-03-20,-0.4513042283848326
2008-03-28,0.20718662916285366
2008-04-04,1.4638631331675989
2008-04-11,-0.7808323106827092
2008-04-18,-1.435961964298152
2008-04-25,0.3347728634991509
2008-05-02,2.2969879471265666
2008-05-09,0.5129496712693021
2008-05-16,0.33496678331387436
2008-05-23,0.11376343338366138
2008-06-02,0.12530537493226218
2008-06-09,-0.24766203289954636
2008-06-16,0.5054927942021529
2008-06-23,0.6261121473537952
2008-06-30,-1.0729845836587908
2008-07-08,-0.0003533167608991176
2008-07-15,-0.7776922094411298
2008-07-22,0.6582863470786612
2008-07-29,0.132590080641586
2008-08-05,0.07543188375302633
2008-08-12,0.42166262650363723
2008-08-19,-0.9642528130268245
2008-08-26,-0.8735901944504407
2008-09-03,-0.389799228499868
2008-09-10,-0.9259695023176449
2008-09-17,-1.7476548962962324
2008-09-24,0.015241356553259474
2008-10-01,1.1179823617844749
2008-10-08,-3.573894690195585
2008-10-15,0.1752285784658787
2008-10-22,1.0132111961410033
2008-10-29,-0.771186350394642
2008-11-05,0.9256848917614097
2008-11-12,-0.5645504832148693
2008-11-19,-1.0422311886688562
2008-11-26,-1.0736517213568386
2008-12-04,0.14243456546648428
2008-12-11,0.7306040639940423
2008-12-18,-0.20886706022486407
2008-12-26,-0.5373968727827874
2009-01-05,0.8626581436458957
2009-01-12,-1.1879781251503427
2009-01-20,-0.07065498115516063
2009-01-27,-0.48008069837747736
2009-02-03,-3.9300728029610754
2009-02-10,1.5362092928514928
2009-02-18,-0.23170793343950247
2009-02-25,-1.4198580152192024
2009-03-04,-0.5578108785793796
2009-03-11,1.0981365379390347
2009-03-18,1.2495925715900222
2009-03-25,0.49350066531478337
2009-04-01,0.5350250042232726
2009-04-08,-0.0846958493678776
2009-04-16,0.9148281773163063
2009-04-23,-1.7403288585063863
2009-04-30,2.3988094999502048
2009-05-07,0.7902579340286481
2009-05-14,0.4772065467221551
2009-05-21,0.23604747689788497
2009-05-29,0.15591676238067195
2009-06-05,1.2568544349062463
2009-06-12,-0.16606973135973713
2009-06-19,0.344624496242414
2009-06-26,0.2626491081858056
2009-07-06,-0.8431944338410805
2009-07-13,-0.33714798665924006
2009-07-20,0.44588118889396416
2009-07-27,0.7690716398386549
2009-08-03,0.6795086934396374
2009-08-10,-1.0926176663652902
2009-08-17,-0.27411838342560996
2009-08-24,0.9735007085911879
2009-08-31,-0.16754572862471778
2009-09-08,0.09281849818929032
2009-09-15,0.15858531692611938
2009-09-22,-0.0911084195397412
2009-09-29,0.44857911544061263
2009-10-06,0.4153923931559439
2009-10-13,0.20461253768751342
2009-10-20,-0.11655494438735757
2009-10-27,-0.2725835968018007
2009-11-03,0.053962365145134215
2009-11-10,1.1546078357746092
2009-11-17,0.652053094798228
2009-11-24,-0.18043152542638977
2009-12-02,0.5112651925441555
2009-12-09,-0.4677660104715124
2009-12-16,0.09063635921797678
2009-12-23,0.1659895331651909
2009-12-31,-0.13702289988348915
2010-01-08,-0.29050507916252105
2010-01-15,-0.3845263660275446
2010-01-25,-0.8547190101747432
2010-02-01,0.41979089589437196
2010-02-08,-2.4548772067126343
2010-02-16,0.18169759721719006
2010-02-23,0.6398633314890396
2010-03-02,1.0203319346177617
2010-03-09,-0.4411473024948906
2010-03-16,0.2618135417908629
2010-03-23,0.36448733431698327
2010-03-30,-1.1214634653573468
2010-04-07,-1.0033698293701843
2010-04-14,-0.13298632375440095
2010-04-21,1.097148797845724
2010-04-28,-0.44924790265985864
2010-05-05,-1.169820807966545
2010-05-12,0.4108748171224045
2010-05-19,-1.243754180313931
2010-05-26,-0.696700746923371
2010-06-03,0.6137565062868636
2010-06-10,-1.7112640974793474
2010-06-17,1.0959607600452075
2010-06-24,-1.4308466383428002
2010-07-01,-1.0122406776292854
2010-07-09,0.9154428672911574
2010-07-16,-0.7395496213610716
2010-07-23,0.5088728681403787
2010-07-30,0.8574383573517488
2010-08-06,2.4784169355206953
2010-08-13,-1.4708876939420326
2010-08-20,0.2635582059555762
2010-08-27,-0.34314426512744334
2010-09-03,0.2890374264225717
2010-09-13,0.17983951847484797
2010-09-20,0.7360395946145499
2010-09-27,-0.3700234484837674
2010-10-04,0.3643959125188773
2010-10-11,0.22181938417503524
2010-10-18,0.8047031279384443
2010-10-25,0.6174088643799308
2010-11-01,-1.7482345517777431
2010-11-08,-0.30712701324564357
2010-11-15,0.34298177431910226
2010-11-22,-0.4849980670913669
2010-11-30,0.24144586033538437
2010-12-07,0.967942646814092
2010-12-14,1.7844342563998732
2010-12-21,1.4075389333138055
2010-12-29,0.5183263302931284
2011-01-05,-0.39032565493160165
2011-01-12,-0.7359944926540055
2011-01-20,0.5459229871127947
2011-01-27,1.1721199521155359
2011-02-03,-0.6457822319522056
2011-02-10,-0.054490520126897014
2011-02-17,0.39143597754216053
2011-02-25,1.3918746350233357
2011-03-04,0.7336941413047939
2011-03-11,-0.6358545454268613
2011-03-18,-0.8515299842328181
2011-03-25,0.39334840836867335
2011-04-01,0.5136510907132233
2011-04-08,0.4674001799052184
2011-04-15,0.23052053727336747
2011-04-25,0.42871901668680684
2011-05-02,1.039065211888429
2011-05-09,0.3842683240026684
2011-05-16,0.48741416382201325
2011-05-23,0.1876632055254659
2011-05-31,0.18201653302107615
2011-06-07,-1.3466824916129827
2011-06-14,-0.7618851101805748
2011-06-21,0.3905750619441625
2011-06-28,1.5083548197771568
2011-07-06,0.7134538936438111
2011-07-13,-2.16190602997108
2011-07-20,-0.707210867466063
2011-07-27,-2.3816349993747283
2011-08-03,-0.9267230988134689
2011-08-10,-3.7548437929033174
2011-08-17,1.8967416345687516
2011-08-24,-0.49763891949337236
2011-08-31,0.03922323956185519
2011-09-08,-0.4447194492581961
2011-09-15,0.413857116152509
2011-09-22,-2.8148551683750904
2011-09-29,0.6762499917196552
2011-10-06,0.6312884305900515
2011-10-13,-0.3094471075458315
2011-10-20,0.3632255401871562
2011-10-27,-0.3797748761967534
2011-11-03,-0.3535501909941919
2011-11-10,-1.5072275379209732
2011-11-17,-0.8258062521129546
2011-11-25,-1.626254823996771
2011-12-02,1.9170696375027312
2011-12-09,-0.07776617119902228
2011-12-16,0.6804447036805561
2011-12-23,0.34781039457054985
2012-01-03,0.14590387512230382
2012-01-10,-0.1448933870503707
2012-01-18,0.3855197881367391
2012-01-25,1.1885367530340614
2012-02-01,-2.4642414518863873
2012-02-08,0.6803530086463033
2012-02-15,0.8202460938810642
2012-02-23,0.7511362093571605
2012-03-01,0.20301895060127087
2012-03-08,-0.6519749336795853
2012-03-15,0.023132090566101358
2012-03-22,-0.6447729096968827
2012-03-29,0.5934958062529109
2012-04-05,-0.4099833923049303
2012-04-13,-1.2631204632936266
2012-04-20,0.09737791632100405
2012-04-27,0.9174183056189965
2012-05-04,0.19882879724608332
2012-05-11,0.6762915040469062
2012-05-18,-1.2813863714101645
2012-05-25,1.4285626048435243
2012-06-04,-1.3195304134374015
2012-06-11,-0.11932937385248892
2012-06-18,1.4537919501941015
2012-06-25,1.170279265719375
2012-07-02,1.9825708774316617
2012-07-10,-0.9673612770336125
2012-07-17,0.319459404351849
2012-07-24,-0.9524208548987813
2012-07-31,-0.9925531552169954
2012-08-07,-0.23499573546781963
2012-08-14,-0.33047589149028955
2012-08-21,0.20775101080744127
2012-08-28,-0.2659035900615494
2012-09-05,1.711779936113749
2012-09-12,0.21970637316872668
2012-09-19,0.27527816230443414
2012-09-26,-0.01984829224826476
2012-10-03,-0.09698206798263677
2012-10-10,-1.3343499740066926
2012-10-17,0.5334141142557972
2012-10-24,-1.7532820118927372
2012-11-02,0.850933851397706
2012-11-09,1.2542772537599172
2012-11-16,-1.0275588704764256
2012-11-26,1.347255217146536
2012-12-03,-0.5801000973095767
2012-12-10,-0.6042597922169636
2012-12-17,-0.16503638348921493
2012-12-24,-0.20235656892056128
2013-01-02,0.12814107629335153
2013-01-09,0.2872014901059058
2013-01-16,-0.3076457063447651
2013-01-24,0.2250814851099761
2013-01-31,0.8521399432597375
2013-02-07,-1.3639691560256952
2013-02-14,-0.3210683379949552
2013-02-22,0.1703001242487818
2013-03-01,-0.06672390419476527
2013-03-08,-0.1569561892736973
2013-03-15,-0.24642207819323705
2013-03-22,0.13063391756645232
2013-04-01,-0.061238346369533826
2013-04-08,-1.0639225127476364
2013-04-15,-1.0951193670091357
2013-04-22,0.8111692437708128
2013-04-29,-0.2680101452827308
2013-05-06,0.38198187691803914
2013-05-13,1.6855386481109769
2013-05-20,-0.09352869374105084
2013-05-28,-0.44725263798004755
2013-06-04,-0.6540596549903036
2013-06-11,0.3510703428835222
2013-06-18,0.9853800661280471
2013-06-25,0.7037070460397096
2013-07-02,0.3586521996037628
2013-07-10,1.423018535025885
2013-07-17,0.5729050211049234
2013-07-24,1.1254863259752699
2013-07-31,-1.039539922507392
2013-08-07,2.4895451369069774
2013-08-14,-0.8172395839153388
2013-08-21,-1.4089566351130154
2013-08-28,1.3722071716010438
2013-09-05,-0.6431013907234444
2013-09-12,0.3306267871421486
2013-09-19,0.2557214488874419
2013-09-26,1.062558846746138
2013-10-03,0.11354181952983299
2013-10-10,-0.5374808198783105
2013-10-17,3.168182352784004
2013-10-24,0.3759091642319015
2013-10-31,-0.749170235040449
2013-11-07,-0.910420121064446
2013-11-14,0.8586339137259489
2013-11-21,-0.49070376056717335
2013-11-29,-0.8685983209011877
2013-12-06,0.6220958280225876
2013-12-13,-0.4370064799495295
2013-12-20,2.2365573967887675
2013-12-30,0.48313836619837547
2014-01-07,-0.0979998091049753
2014-01-14,0.28255182395206274
2014-01-22,-0.9939445647861996
2014-01-29,-2.2350999937995946
2014-02-05,-2.2622345760106874
2014-02-12,1.5220828160254607
2014-02-20,0.5394293554560977
2014-02-27,-0.4315076608963895
2014-03-06,-0.31017649307784284
2014-03-13,-0.8721908378991929
2014-03-20,-0.07056434343093347
2014-03-27,-0.22400766395683946
2014-04-03,-0.20124213603040073
2014-04-10,-0.6153161392254048
2014-04-17,-0.338939031650044
2014-04-25,-0.9985906491163863
2014-05-02,1.6621723879163417
2014-05-09,0.8104808316735381
2014-05-16,-1.3228047981204372
2014-05-23,-0.08240680581120445
2014-06-02,-0.5819670867470801
2014-06-09,-0.4552827628696902
2014-06-16,0.6099817408771924
2014-06-23,0.9459297931288447
2014-06-30,0.09024065220822401
2014-07-08,-0.6683572919037305
2014-07-15,-0.20501487408901267
2014-07-22,-0.07998581068455839
2014-07-29,0.7754559721370065
2014-08-05,-0.488195566839099
2014-08-12,0.41361210605182525
2014-08-19,0.6457809586743962
2014-08-26,-0.44589253191713796
2014-09-03,-0.13845770487486275
2014-09-10,-0.1470590774434881
2014-09-17,-0.6809330201335217
2014-09-24,-0.055432491986809954
2014-10-01,-0.787000209419447
2014-10-08,-0.3077739180593271
2014-10-15,-1.7470183720422305
2014-10-22,1.9338983002389154
2014-10-29,-0.6702408082338934
2014-11-05,-0.4856114733486956
2014-11-12,0.6880903724051332
2014-11-19,-1.2533270330427575
2014-11-26,0.9569603207293025
2014-12-04,-0.7000900872895621
2014-12-11,0.8515752283968611
2014-12-18,0.6475263039927296
2014-12-26,0.5144019924144336
2015-01-05,-1.9072021582597245
2015-01-12,0.5389389699461704
2015-01-20,0.7683248188167973
2015-01-27,-0.1306476468770324
2015-02-03,-1.4639009188430805
2015-02-10,0.5819726681917838
2015-02-18,2.1956990062326964
2015-02-25,1.0879864569783575
2015-03-04,-0.6011845475979989
2015-03-11,-0.3983524196447987
2015-03-18,0.5292191370993885
2015-03-25,0.059738507780195745
2015-04-01,0.39315412294420815
2015-04-09,-0.1927091794784559
2015-04-16,0.2947004333369651
2015-04-23,0.6181111982754937
2015-04-30,-2.949555301546167
2015-05-07,0.7332204737952808
2015-05-14,1.3553881657049527
2015-05-21,0.6278705725351963
2015-05-29,-0.7647703636418264
2015-06-05,-1.1685131007863456
2015-06-12,0.14463959451406738
2015-06-19,0.38396252271674314
2015-06-26,-0.14469252735301244
2015-07-06,-1.1092679625723747
2015-07-13,1.0804400206577465
2015-07-20,1.428727693667209
2015-07-27,0.9359830285538309
2015-08-03,0.9014406881933058
2015-08-10,-0.523230814026658
2015-08-17,-0.9032623234004677
2015-08-24,-3.970792143336131
2015-08-31,-0.06496285216245813
2015-09-08,-0.0388965960253941
2015-09-15,0.7954575086615455
2015-09-22,-0.5636081501910155
2015-09-29,-1.5090839409549863
2015-10-06,0.8028159449634307
2015-10-13,-0.01826385074562099
2015-10-20,0.8801718132562939
2015-10-27,0.030741463590286584
2015-11-03,-2.269666796909663
2015-11-10,0.5125745233632497
2015-11-17,-0.8590603227127102
2015-11-24,0.8185808754383183
2015-12-02,0.5481405979539715
2015-12-09,-0.5688227880321609
2015-12-16,0.09182687040109379
2015-12-23,-0.24049189602322174
2015-12-31,0.038181591745106096
2016-01-08,-1.5424386539191368
2016-01-15,-0.8745077369493466
2016-01-25,-0.17818153562033753
2016-02-01,-0.2955802534148064
2016-02-08,1.2695033285596793
2016-02-16,1.1252941248830364
2016-02-23,-0.2695680179280492
2016-03-01,1.317319637181661
2016-03-08,0.8313207811976941
2016-03-15,-0.0227106770730602
2016-03-22,0.9556002175292385
2016-03-30,0.2710061819579682
2016-04-06,-0.2296241113193145
2016-04-13,-0.6980120639628046
2016-04-20,0.037402016964279035
2016-04-27,0.5161247384311495
2016-05-04,1.975828134059416
2016-05-11,0.5334139657007324
2016-05-18,0.41865130331292544
2016-05-25,1.3427348573772069
2016-06-02,1.2625322594018862
2016-06-09,0.506335324300626
2016-06-16,-0.3876919071496411
2016-06-23,-0.08357160204186549
2016-06-30,-0.09150087585689197
2016-07-08,0.5853413193739864
2016-07-15,-1.2592850600653345
2016-07-22,-0.07956121109841119
2016-07-29,0.4646894060505054
2016-08-05,0.02753251497283827
2016-08-12,-0.539212958394341
2016-08-19,-1.4288228551579403
2016-08-26,-0.5113213973998624
2016-09-02,0.32830333759131014
2016-09-12,0.2655967183866656
2016-09-19,0.40401632351542127
2016-09-26,-0.5568045494218529
2016-10-03,0.38180874441863405
2016-10-10,0.33631359828730817
2016-10-17,-2.202773179930266
2016-10-24,0.07405034688397222
2016-10-31,-0.755873463590602
2016-11-07,-1.3942879161276485
2016-11-14,2.1864097367258717
2016-11-21,-0.8578625222112676
2016-11-29,0.7224548587287554
2016-12-06,0.35589778474973993
2016-12-13,-1.1883175302557947
2016-12-20,-0.3872839516694834
2016-12-28,-0.649149000275013
2017-01-05,-0.21875574399430087
2017-01-12,-0.6523639397994294
2017-01-20,-1.7642590713721413
2017-01-27,0.5810359584689668
2017-02-03,1.0192951076195724
2017-02-10,0.035680665748539224
2017-02-17,0.7442544704542117
2017-02-27,0.7105265752044899
2017-03-06,-0.2789788429647532
2017-03-13,-0.07629291256667461
2017-03-20,-1.3901611039825046
2017-03-27,-1.2476486624965404
2017-04-03,-0.1232526038064357
2017-04-10,-0.3958005265492231
2017-04-18,0.4040712725026915
2017-04-25,1.145038508193901
2017-05-02,2.4850707063331434
2017-05-09,-0.29250325329421517
2017-05-16,0.25218310001868277
2017-05-23,-0.14351982169018923
2017-05-31,0.47590581681496935
2017-06-07,0.6838077778007494
2017-06-14,-0.6677639340124251
2017-06-21,0.6767672771549427
2017-06-28,1.6965860977704434
2017-07-06,-1.003919446734272
2017-07-13,-0.1820772782631779
2017-07-20,0.41624954790440194
2017-07-27,-0.2642864895450257
2017-08-03,-0.3806280569560727
2017-08-10,0.45151336454779
2017-08-17,0.4831655975575615
2017-08-24,0.6189154345520901
2017-08-31,1.2452648344414743
2017-09-08,-1.466185361374806
2017-09-15,0.49292873733301784
2017-09-22,-0.17284104810016845
2017-09-29,-0.27596362231928867
2017-10-06,0.49574219384337215
2017-10-13,-0.4880892688026174
2017-10-20,0.8056142973763989
2017-10-27,0.43698438386194355
2017-11-03,0.9793925543638414
2017-11-10,-1.952858380890538
2017-11-17,1.6465839920839913
2017-11-27,0.9572858100343458
2017-12-04,-1.1238600159247858
2017-12-11,-1.2103221445422976
2017-12-18,0.7296284983794803
2017-12-26,-0.6142816269663184
2018-01-03,1.8186190476156834
2018-01-10,0.6865276960091585
2018-01-18,0.5496269198327169
2018-01-25,0.3574561175722833
2018-02-01,-1.0071503719457717
2018-02-08,-2.797424233303813
2018-02-15,2.659540306967778
2018-02-23,-0.09422055063997675
2018-03-02,-0.6811552509452772
2018-03-09,1.389202890199375
2018-03-16,0.2047688178016572
2018-03-23,-1.2513130323212307
2018-04-02,-0.2640710325647783
2018-04-09,0.08251818629782172
2018-04-16,0.6613181842805549
2018-04-23,0.7820292917672994
2018-04-30,-1.1463283804635642
2018-05-07,-0.8713131720379832
2018-05-14,0.7211384353916046
2018-05-21,-0.16257369614192288
2018-05-29,-1.6240183325371957
2018-06-05,1.8372999802705732
2018-06-12,1.4024153508866288
2018-06-19,0.03869003595166669
2018-06-26,-1.7872482488813721
2018-07-03,-2.472860960211726
2018-07-11,0.9225461007765015
2018-07-18,-0.18285541949496048
2018-07-25,2.595855689703729
2018-08-01,-0.4457067325927115
2018-08-08,2.0958593455776824
2018-08-15,0.20132503164821514
2018-08-22,0.6224586618935497
2018-08-29,0.878944050797395
2018-09-06,-0.5049597642537933
2018-09-13,0.8245960635535939
2018-09-20,-0.07332613822331938
2018-09-27,0.4316350270157003
2018-10-04,-1.9164063671636633
2018-10-11,-2.222507712517729
2018-10-18,0.18595240248672523
2018-10-25,-0.7600232266584604
2018-11-01,-1.850067260035109
2018-11-08,0.4453496243636472
2018-11-15,-1.763461932213966
2018-11-23,-0.7230639941197236
2018-11-30,0.2114259566953463
2018-12-10,-1.1289855881249997
2018-12-17,-1.6465326963914624
2018-12-24,-2.545764635343691
2019-01-02,1.6199889135864236
2019-01-09,1.1424887076633314
2019-01-16,1.6791590039789603
2019-01-24,0.21632608611389006
2019-01-31,1.579033233915949
2019-02-07,1.1169907405287196
2019-02-14,0.45520021234569785
2019-02-22,0.6444708703653814
2019-03-01,0.05956497542667241
2019-03-08,-1.0284418214647129
2019-03-15,0.6226749137431709
2019-03-22,-0.5444659968158019
2019-03-29,0.6001612367746163
2019-04-05,-0.16213815793282899
2019-04-12,0.22045623609352227
2019-04-22,-1.3337636388602736
2019-04-29,0.48549372891410575
2019-05-06,1.1170719160949623
2019-05-13,-1.5062394631396419
2019-05-20,0.20129507482068287
2019-05-28,-0.2963561458583806
2019-06-04,0.7697778794743949
2019-06-11,0.8383868453326598
2019-06-18,-0.672600328327786
2019-06-25,-0.5750592977375752
2019-07-02,0.9568560022979967
2019-07-10,-0.22135206665435445
2019-07-17,-0.4820749784628233
2019-07-24,-0.23501744854775725
2019-07-31,0.011397025669675242
2019-08-07,-2.3540398035882184
2019-08-14,0.19065199238352615
2019-08-21,0.13399873021130726
2019-08-28,-0.3234524810673596
2019-09-05,-0.09883516498616235
2019-09-12,1.2124946705462771
2019-09-19,-0.2864750236927083
2019-09-26,0.6404911959413072
2019-10-03,-0.739908916937956
2019-10-10,0.2751032474471758
2019-10-17,0.19545514845031792
2019-10-24,-0.04238674351424244
2019-10-31,0.6908062536258681
2019-11-07,-0.6755294125156278
2019-11-14,-0.04017434991346183
2019-11-21,1.192481423701036
2019-11-29,0.2604532240202601
2019-12-06,-0.05500971701683131
2019-12-13,-0.9598931594383837
2019-12-20,0.8893378166947042
2019-12-30,-0.862315508681021
2020-01-07,-0.4224426591078328
2020-01-14,0.07346685178092269
2020-01-22,-0.003247187173820609
2020-01-29,-0.38645828038854746
2020-02-05,-1.710643325373469
2020-02-12,-0.23945437926039612
2020-02-20,0.530327891950513
2020-02-27,-2.382135087728485
2020-03-05,0.151021466365506
2020-03-12,-3.8642050879902214
2020-03-19,0.06196234556309803
2020-03-26,2.723478974553059
2020-04-02,0.5832126857015777
2020-04-09,0.25040546834473026
2020-04-17,2.318364658811861
2020-04-24,-1.309351178275857
2020-05-01,2.506108500973706
2020-05-08,3.2168751042135866
2020-05-15,-0.34622030609108945
2020-05-22,-0.18550563562884595
2020-06-01,-0.4149783365017422
2020-06-08,-0.5986286378100872
2020-06-15,-0.12963214128394368
2020-06-22,0.4884034716362532
2020-06-29,-0.7012747078536176
2020-07-07,0.8668021121060683
2020-07-14,-0.09996370425083743
2020-07-21,0.615616390595715
2020-07-28,-0.5374596635387539
2020-08-04,0.3004474547220815
2020-08-11,-1.221533648926403
2020-08-18,-0.052618228641011316
2020-08-25,-0.9815453375975612
2020-09-01,0.3778540698070189
2020-09-09,-0.6589904750357436
2020-09-16,-0.5129638142931587
2020-09-23,-0.2011797372032785
2020-09-30,0.28600337646285207
2020-10-07,1.1147059958096146
2020-10-14,0.24390419482387046
2020-10-21,-0.615413838586421
2020-10-28,-0.3921433623616185
2020-11-04,0.5905133132642958
2020-11-11,2.337301120730879
2020-11-18,-0.43557932170649244
2020-11-25,-0.07152943160432838
2020-12-03,-0.2843637356180071
2020-12-10,0.2448353294623662
2020-12-17,0.14813668560946128
2020-12-24,0.5436311141570149
2021-01-04,-0.5421081464446281
2021-01-11,0.9697867322239336
2021-01-19,0.7180477122070253
2021-01-26,-0.7550839895040014
2021-02-02,1.582600632511618
2021-02-09,0.37969433007001635
2021-02-17,0.5426595949385278
2021-02-24,-1.6987177920174026
2021-03-03,-0.8554973984673485
2021-03-10,-0.1681505271924246
2021-03-17,0.6074270594393976
2021-03-24,-0.9179932576907142
2021-03-31,0.3777330470781566
2021-04-08,0.8585682985428307
2021-04-15,0.22381998902748834
2021-04-22,0.11146252024497841
2021-04-29,0.22556887639137924
2021-05-06,-1.5221172995688212
2021-05-13,-1.050416212320943
2021-05-20,0.5437030091424789
2021-05-27,-0.1710064503131241
2021-06-04,0.6027686790113328
2021-06-11,0.8228420571574828
2021-06-18,-0.9022943103318919
2021-06-25,-0.005780957902488502
2021-07-02,0.4622942680244709
2021-07-12,-0.15697541406090268
2021-07-19,-0.03124419023491454
2021-07-26,0.611937312657129
2021-08-02,0.42137242019267535
2021-08-09,-0.6473786398515574
2021-08-16,-0.3814048558598933
2021-08-23,-0.20421296174855788
2021-08-30,0.9981596234070576
2021-09-07,0.04876379255497905
2021-09-14,-0.6024826135864195
2021-09-21,0.6080908723167123
2021-09-28,-2.322982172246136
2021-10-05,-0.5803334994037155
2021-10-12,-0.56390956245272
2021-10-19,0.7743332484732907
2021-10-26,0.5850562493939193
2021-11-02,-1.0579393308011338
2021-11-09,-0.3377348010201111
2021-11-16,-0.1402702017440032
2021-11-23,-1.9610390507000202
2021-12-01,-0.8384634379897625
2021-12-08,0.8346739748614619
2021-12-15,-0.598423476873589
2021-12-22,0.6056953958677502
2021-12-30,0.7484729111537979
2022-01-06,-3.966864622114878
2022-01-13,-1.5628838339522764
2022-01-21,-1.7130177915343934
2022-01-28,0.009555409267502278
2022-02-04,2.294065167238695
2022-02-11,0.43568686540029167
2022-02-18,-0.9555718418569754
2022-02-28,0.9007678196068163
2022-03-07,-0.9832870564064793
2022-03-14,-0.5061575246006883
2022-03-21,2.201980194867903
2022-03-28,-0.10008883310570935
2022-04-04,-0.28109876633758385
2022-04-11,-0.47329858306288053
2022-04-19,-0.45242235248350277
2022-04-26,-1.5436355134179252
2022-05-03,0.09733352428629677
2022-05-10,-1.6956545445013353
2022-05-17,1.1304515331827525
2022-05-24,-0.7016137753870972
2022-06-01,0.21858593488472353
2022-06-08,0.327445590863592
2022-06-15,-1.788906855945086
2022-06-23,0.924832531883871
2022-06-30,0.17456632751216547
2022-07-08,1.31170802326209
2022-07-15,-1.238426957026222
2022-07-22,1.0910248435710481
2022-07-29,1.1689069293959766
2022-08-05,-0.029268115896033817
2022-08-12,-0.061378699252999144
2022-08-19,-1.121098621616988
2022-08-26,-0.7041310705408543
2022-09-02,-0.31612213121993304
2022-09-12,0.9367141572963947
2022-09-19,-2.01339549188047
2022-09-26,-0.645410970005565
2022-10-03,0.3574094121797638
2022-10-10,-0.3427934301245448
2022-10-17,0.8953378454117896
2022-10-24,-0.5456487675228536
2022-10-31,0.9444106678666947
2022-11-07,1.2136328918525696
2022-11-14,1.6943104955513988
2022-11-21,-0.5361376413871892
2022-11-29,-0.1409697357542389
2022-12-06,-0.09546445301435631
2022-12-13,1.3644380360578663
2022-12-20,-1.0424355768641809
2022-12-28,0.08078431065332642
2023-01-05,0.45179556587773023
2023-01-12,0.04226017105003144
2023-01-20,-0.12044379236396141
2023-01-27,-0.017799496895910392
2023-02-03,-0.40166424935076156
2023-02-10,-0.5881460202464159
2023-02-17,0.022705753082828285
2023-02-27,-0.7398676167450146
2023-03-06,1.2271250563322522
2023-03-13,-1.2195880728121582
2023-03-20,0.3812681824890419
2023-03-27,0.4038537375508479
2023-04-03,0.2542735787436741
2023-04-11,1.208829039495128
2023-04-18,1.6732252253247626
2023-04-25,-1.2912281385725441
2023-05-02,0.4365631035089515
2023-05-09,0.2543229625310933
2023-05-16,0.28840639995639866
2023-05-23,0.34755212097764426
2023-05-31,-0.319620078198287
2023-06-07,0.15755836784353205
2023-06-14,-1.9205662133000982
2023-06-22,0.5038766731753439
2023-06-29,0.7952818717115686
2023-07-07,0.44047801979845397
2023-07-14,0.9013313609004506
2023-07-21,1.2918550782897609
2023-07-28,-1.3361548826551417
2023-08-04,-0.35425507756270813
2023-08-11,0.6174547056645195
2023-08-18,-1.5344409466914144
2023-08-25,0.5396965855816352
2023-09-01,-0.3588785182364545
2023-09-11,-1.8966514399925176
2023-09-18,-0.11640692066494364
2023-09-25,-0.8555974535540436
2023-10-02,-0.3855406626171682
2023-10-09,0.2814987223823387
2023-10-16,0.24525742381384366
2023-10-23,-1.6896828230690262
2023-10-30,-2.2774057781602397
2023-11-06,0.8857461039610984
2023-11-13,-0.4028364594925046
2023-11-20,2.391999960330697
2023-11-28,-0.5339233202029544
2023-12-05,0.9956689032043592
2023-12-12,1.6078234483327252
2023-12-19,2.284680668114993
2023-12-27,0.20830969529444723
