Date,Close,log_returns
2018-12-07,18.600000381469727,
2018-12-10,18.799999237060547,0.010695228025736534
2018-12-11,18.010000228881836,-0.042929657357555086
2018-12-12,18.68000030517578,0.036526277241267925
2018-12-13,18.760000228881836,0.004273506640873242
2018-12-14,18.31999969482422,-0.023733613190685406
2018-12-17,17.0,-0.07477999853170128
2018-12-18,17.0,0.0
2018-12-19,16.18000030517578,-0.04943741356457392
2018-12-20,15.5,-0.04293590656644126
2018-12-21,14.470000267028809,-0.06876246482784806
2018-12-24,14.029999732971191,-0.030879684015685357
2018-12-26,13.520000457763672,-0.037027770608590166
2018-12-27,14.649999618530273,0.08027020495110958
2018-12-28,14.149999618530273,-0.034725712293931774
2018-12-31,15.270000457763672,0.07617555207826028
2019-01-02,15.329999923706055,0.003921538698433661
2019-01-03,15.5,0.011028336018252236
2019-01-04,16.959999084472656,0.09001755245698952
2019-01-07,16.270000457763672,-0.04153462701580055
2019-01-08,16.950000762939453,0.040944929471245534
2019-01-09,16.329999923706055,-0.03726397652727303
2019-01-10,16.479999542236328,0.009143594394040996
2019-01-11,17.0,0.031065847351812635
2019-01-14,16.739999771118164,-0.015412292667636955
2019-01-15,16.59000015258789,-0.009000937988643688
2019-01-16,16.260000228881836,-0.02009199520389724
2019-01-17,16.309999465942383,0.003070265692701326
2019-01-18,16.690000534057617,0.023031385783662782
2019-01-22,15.5600004196167,-0.07010622395450279
2019-01-23,14.789999961853027,-0.05075227157443183
2019-01-24,14.640000343322754,-0.010193742159294573
2019-01-25,14.90999984741211,0.018274586558544328
2019-01-28,14.449999809265137,-0.03133771718392079
2019-01-29,14.630000114440918,0.012379821495582128
2019-01-30,15.130000114440918,0.03360531250972708
2019-01-31,16.600000381469727,0.09272318297849544
2019-02-01,16.219999313354492,-0.023157711988597205
2019-02-04,16.270000457763672,0.0030779430123857596
2019-02-05,17.18000030517578,0.054422984953152356
2019-02-06,18.139999389648438,0.05437347672072435
2019-02-07,17.049999237060547,-0.06196925205792382
2019-02-08,17.989999771118164,0.053665876257373187
2019-02-11,18.170000076293945,0.009955851367260068
2019-02-12,18.690000534057617,0.028216763435006256
2019-02-13,18.530000686645508,-0.008597572688831892
2019-02-14,19.65999984741211,0.05919502960453263
2019-02-15,21.440000534057617,0.08667225415432159
2019-02-19,20.829999923706055,-0.028864109501819554
2019-02-20,19.920000076293945,-0.044669995623715666
2019-02-21,19.34000015258789,-0.029548758071564814
2019-02-22,19.8799991607666,0.02753866109856266
2019-02-25,21.649999618530273,0.08529127781518245
2019-02-26,23.700000762939453,0.09046964350397327
2019-02-27,22.100000381469727,-0.06989745454784252
2019-02-28,22.600000381469727,0.02237229737265101
2019-03-01,22.270000457763672,-0.014709421332983884
2019-03-04,21.1200008392334,-0.0530200032499579
2019-03-05,21.3700008392334,0.011767610028133193
2019-03-06,20.649999618530273,-0.03427280766869168
2019-03-07,20.59000015258789,-0.0029097724834567223
2019-03-08,20.93000030517578,0.016378022588216353
2019-03-11,20.43000030517578,-0.02417912727153038
2019-03-12,19.260000228881836,-0.05897400551338912
2019-03-13,19.969999313354492,0.03620069479010055
2019-03-14,20.81999969482422,0.04168293548513216
2019-03-15,21.81999969482422,0.046912917889862744
2019-03-18,22.18000030517578,0.016364029262406363
2019-03-19,20.350000381469727,-0.0861100650472283
2019-03-20,20.0,-0.017348657080053963
2019-03-21,19.34000015258789,-0.03355677563908626
2019-03-22,19.0,-0.017736518748464276
2019-03-25,19.399999618530273,0.02083406723945392
2019-03-26,19.899999618530273,0.025446666155219188
2019-03-27,19.270000457763672,-0.03217020637958854
2019-03-28,19.65999984741211,0.02003660077615824
2019-03-29,20.350000381469727,0.03449482367636173
2019-04-01,20.59000015258789,0.011724597816429849
2019-04-02,19.700000762939453,-0.04418685397864162
2019-04-03,21.329999923706055,0.07949585443458855
2019-04-04,23.079999923706055,0.078851909427847
2019-04-05,25.959999084472656,0.1175904182347733
2019-04-08,27.229999542236328,0.047762433305621174
2019-04-09,26.81999969482422,-0.015171423399794985
2019-04-10,26.799999237060547,-0.0007460074259473515
2019-04-11,25.729999542236328,-0.04074425054631613
2019-04-12,24.610000610351562,-0.04450471929868277
2019-04-15,25.84000015258789,0.04877079561558355
2019-04-16,23.780000686645508,-0.08307876468195363
2019-04-17,23.5,-0.011844498987438279
2019-04-18,22.510000228881836,-0.04304075606346558
2019-04-22,23.6299991607666,0.04855739059657771
2019-04-23,24.700000762939453,0.04428621883894241
2019-04-24,25.760000228881836,0.042019635599149244
2019-04-25,25.739999771118164,-0.0007767168454048882
2019-04-26,26.260000228881836,0.02000068431472544
2019-04-29,25.139999389648438,-0.04358669870664174
2019-04-30,26.030000686645508,0.034789566501483044
2019-05-01,26.399999618530273,0.014114250317180521
2019-05-02,28.34000015258789,0.07091024394406294
2019-05-03,27.200000762939453,-0.04105723829552657
2019-05-06,27.100000381469727,-0.003683259389167081
2019-05-07,24.549999237060547,-0.09882191879846311
2019-05-08,23.540000915527344,-0.04201068243902526
2019-05-09,23.260000228881836,-0.011965983793874348
2019-05-10,24.920000076293945,0.06893554005014103
2019-05-13,24.43000030517578,-0.01985879921931284
2019-05-14,23.59000015258789,-0.034988997873581264
2019-05-15,23.1200008392334,-0.02012481978471451
2019-05-16,23.459999084472656,0.014598724097094241
2019-05-17,23.079999923706055,-0.016330365866024116
2019-05-20,22.600000381469727,-0.021016515176837048
2019-05-21,22.700000762939453,0.004415034939592575
2019-05-22,22.0,-0.031322504738708144
2019-05-23,21.3799991607666,-0.028586587014616686
2019-05-24,21.829999923706055,0.020829300723240664
2019-05-28,21.540000915527344,-0.013373452835107507
2019-05-29,21.700000762939453,0.007400581473081144
2019-05-30,21.489999771118164,-0.009724595701114964
2019-05-31,20.780000686645508,-0.03359668128914175
2019-06-03,19.850000381469727,-0.045786992363839034
2019-06-04,19.469999313354492,-0.019329242233556854
2019-06-05,17.700000762939453,-0.09531010143355444
2019-06-06,17.940000534057617,0.013468203716041103
2019-06-07,17.520000457763672,-0.02368977476343905
2019-06-10,15.670000076293945,-0.11159505039958863
2019-06-11,16.0,0.02084066100306145
2019-06-12,16.299999237060547,0.018576338766832897
2019-06-13,16.15999984741211,-0.00862601735598483
2019-06-14,15.399999618530273,-0.048171559001807564
2019-06-17,15.770000457763672,0.023741945353624602
2019-06-18,15.739999771118164,-0.001904201554601986
2019-06-19,15.5,-0.015365204522643377
2019-06-20,15.180000305175781,-0.020861231853910863
2019-06-21,14.699999809265137,-0.032131311261760324
2019-06-24,14.039999961853027,-0.045937084928885506
2019-06-25,13.770000457763672,-0.019418049896532143
2019-06-26,13.699999809265137,-0.005096527072285758
2019-06-27,14.34000015258789,0.04565702690036555
2019-06-28,14.640000343322754,0.020704686171981204
2019-07-01,14.729999542236328,0.006128667413401884
2019-07-02,14.399999618530273,-0.022658019306573553
2019-07-03,15.3100004196167,0.06127805698660494
2019-07-05,14.960000038146973,-0.023126261981343876
2019-07-08,14.289999961853027,-0.04581998582397366
2019-07-09,14.850000381469727,0.03843990166461653
2019-07-10,14.479999542236328,-0.025231535592848825
2019-07-11,14.4399995803833,-0.0027662509387050317
2019-07-12,14.199999809265137,-0.01676015323016919
2019-07-15,14.319999694824219,0.008415189046158981
2019-07-16,14.140000343322754,-0.012649455472663674
2019-07-17,14.029999732971191,-0.007809809667010286
2019-07-18,14.260000228881836,0.01626055595510191
2019-07-19,14.109999656677246,-0.01057468950392186
2019-07-22,14.050000190734863,-0.004261332177657732
2019-07-23,13.600000381469727,-0.03255258856393929
2019-07-24,14.470000267028809,0.06200773830610228
2019-07-25,13.510000228881836,-0.06864739018358475
2019-07-26,14.119999885559082,0.044162055046447116
2019-07-29,13.6899995803833,-0.030926615311187462
2019-07-30,13.399999618530273,-0.021410930160052456
2019-07-31,13.100000381469727,-0.02264241916204337
2019-08-01,13.010000228881836,-0.006893949209755996
2019-08-02,12.729999542236328,-0.021756933507301512
2019-08-05,12.260000228881836,-0.03761942743281777
2019-08-06,12.289999961853027,0.002443971296983303
2019-08-07,12.850000381469727,0.04455792055354839
2019-08-08,13.1899995803833,0.026115093888389528
2019-08-09,13.329999923706055,0.01055819355116271
2019-08-12,13.020000457763672,-0.023530456528217798
2019-08-13,13.300000190734863,0.02127737762975239
2019-08-14,12.739999771118164,-0.04301741739026521
2019-08-15,12.670000076293945,-0.005509631823740723
2019-08-16,13.15999984741211,0.03794491394767724
2019-08-19,13.399999618530273,0.0180727641866287
2019-08-20,14.149999618530273,0.05445991864127966
2019-08-21,14.289999961853027,0.009845392142033876
2019-08-22,14.15999984741211,-0.009138911782696098
2019-08-23,13.880000114440918,-0.019972114165911346
2019-08-26,14.970000267028809,0.0755992529454512
2019-08-27,14.510000228881836,-0.03121013359896076
2019-08-28,14.819999694824219,0.021139516605610833
2019-08-29,15.180000305175781,0.02400119279550742
2019-08-30,15.729999542236328,0.03559089589758183
2019-09-03,14.880000114440918,-0.05555165087300415
2019-09-04,15.420000076293945,0.035647335987042436
2019-09-05,15.529999732971191,0.007108246883299904
2019-09-06,15.880000114440918,0.022286843059386705
2019-09-09,16.030000686645508,0.009401546430892587
2019-09-10,17.09000015258789,0.06403149659950007
2019-09-11,15.920000076293945,-0.07091732084741903
2019-09-12,16.399999618530273,0.029705126361232997
2019-09-13,16.709999084472656,0.01872597624830885
2019-09-16,17.049999237060547,0.020142871164230712
2019-09-17,17.65999984741211,0.03515202755316029
2019-09-18,17.780000686645508,0.006772082169237246
2019-09-19,17.899999618530273,0.0067264228308109185
2019-09-20,18.06999969482422,0.009452396180053344
2019-09-23,17.829999923706055,-0.013370660119520443
2019-09-24,17.81999969482422,-0.0005610226788856243
2019-09-25,17.18000030517578,-0.03657547059765611
2019-09-26,16.34000015258789,-0.05012983554938136
2019-09-27,15.899999618530273,-0.02729701353578218
2019-09-30,15.920000076293945,0.0012570999741912314
2019-10-01,14.8100004196167,-0.07227352859552763
2019-10-02,14.859999656677246,0.00337035957275101
2019-10-03,15.069999694824219,0.014032976202060855
2019-10-04,15.510000228881836,0.028778999557642446
2019-10-07,15.470000267028809,-0.00258231009944848
2019-10-08,15.3100004196167,-0.010396444768441858
2019-10-09,14.199999809265137,-0.07526428590242398
2019-10-10,14.15999984741211,-0.0028208736855897007
2019-10-11,14.055000305175781,-0.007442851418128551
2019-10-14,13.930000305175781,-0.008933416371940835
2019-10-15,14.329999923706055,0.028310426816485684
2019-10-16,14.149999618530273,-0.012640639385753952
2019-10-17,14.539999961853027,0.027188872351530013
2019-10-18,14.8100004196167,0.01839918713125747
2019-10-21,15.5,0.045537367312158294
2019-10-22,15.920000076293945,0.02673616128336923
2019-10-23,16.899999618530273,0.05973741414828422
2019-10-24,16.59000015258789,-0.01851348595691897
2019-10-25,17.010000228881836,0.02500130646355711
2019-10-28,17.030000686645508,0.001175115130863235
2019-10-29,16.989999771118164,-0.00235161278207708
2019-10-30,17.139999389648438,0.008789955347578286
2019-10-31,16.75,-0.023016619288781494
2019-11-01,15.65999984741211,-0.06728857745221731
2019-11-04,16.799999237060547,0.07026916017729147
2019-11-05,16.889999389648438,0.005342853686698622
2019-11-06,16.1299991607666,-0.046040854575081086
2019-11-07,17.5,0.08152004082170121
2019-11-08,17.489999771118164,-0.0005716049853977292
2019-11-11,17.399999618530273,-0.0051590916471349856
2019-11-12,17.989999771118164,0.03334585094278041
2019-11-13,18.25,0.01434904478878468
2019-11-14,18.34000015258789,0.0049193951197686195
2019-11-15,19.3700008392334,0.05464104559708761
2019-11-18,19.450000762939453,0.00412158854477669
2019-11-19,19.360000610351562,-0.004637995915279165
2019-11-20,20.18000030517578,0.04148291667329348
2019-11-21,20.200000762939453,0.0009906121282905508
2019-11-22,20.690000534057617,0.023967875393367755
2019-11-25,20.0,-0.033918244015814995
2019-11-26,20.329999923706055,0.01636535033348781
2019-11-27,20.3700008392334,0.0019656475507143405
2019-11-29,20.360000610351562,-0.0004910497778970447
2019-12-02,19.760000228881836,-0.029912517757485574
2019-12-03,21.280000686645508,0.0741079928378086
2019-12-04,21.270000457763672,-0.00047004600690942887
2019-12-05,20.639999389648438,-0.030066739691644955
2019-12-06,18.940000534057617,-0.0859547950867933
2019-12-09,18.780000686645508,-0.008483605612561873
2019-12-10,18.8700008392334,0.004780893512226081
2019-12-11,18.649999618530273,-0.011727278219252278
2019-12-12,18.450000762939453,-0.010781713797416317
2019-12-13,18.6200008392334,0.009171905082263808
2019-12-16,18.520000457763672,-0.00538506298523712
2019-12-17,18.440000534057617,-0.004329006844936764
2019-12-18,18.639999389648438,0.010787529422904944
2019-12-19,19.40999984741211,0.04047861280635374
2019-12-20,19.829999923706055,0.021407549364688607
2019-12-23,19.700000762939453,-0.006577264212471354
2019-12-24,19.75,0.002534816875297678
2019-12-26,19.860000610351562,0.0055541980026022324
2019-12-27,19.520000457763672,-0.017268084913779208
2019-12-30,19.049999237060547,-0.0243725429125599
2019-12-31,19.559999465942383,0.026419575779717784
2020-01-02,19.229999542236328,-0.01701510150708675
2020-01-03,18.889999389648438,-0.01783888659343649
2020-01-06,18.1299991607666,-0.041064670725592695
2020-01-07,17.780000686645508,-0.019493709772255688
2020-01-08,17.979999542236328,0.011185734879130074
2020-01-09,18.399999618530273,0.023090640299019024
2020-01-10,19.139999389648438,0.03942971025312188
2020-01-13,20.260000228881836,0.05686815598175376
2020-01-14,20.0,-0.012916236563774152
2020-01-15,20.239999771118164,0.011928559556882547
2020-01-16,21.010000228881836,0.03733769263998285
2020-01-17,20.6200008392334,-0.018737006462072554
2020-01-21,20.940000534057617,0.015399711657790761
2020-01-22,21.969999313354492,0.04801662419616534
2020-01-23,21.469999313354492,-0.023021275233676804
2020-01-24,21.1200008392334,-0.016436081334573454
2020-01-27,22.739999771118164,0.07390497968273575
2020-01-28,22.360000610351562,-0.016851802673746065
2020-01-29,20.549999237060547,-0.0844127717672441
2020-01-30,20.989999771118164,0.02118521911197849
2020-01-31,20.510000228881836,-0.023133539684400857
2020-02-03,20.3799991607666,-0.0063585966284991115
2020-02-04,20.8700008392334,0.023758774686223807
2020-02-05,20.049999237060547,-0.04008364560080339
2020-02-06,19.8799991607666,-0.008514956687266985
2020-02-07,23.239999771118164,0.1561607631216271
2020-02-10,23.649999618530273,0.01748817667304923
2020-02-11,21.350000381469727,-0.10231134126607581
2020-02-12,19.010000228881836,-0.11608658900165465
2020-02-13,19.045000076293945,0.0018394353961371077
2020-02-14,19.0,-0.002365624770109851
2020-02-18,18.90999984741211,-0.004748104565238292
2020-02-19,18.920000076293945,0.0005286930549795361
2020-02-20,18.540000915527344,-0.0202889581372795
2020-02-21,18.229999542236328,-0.016862045938790145
2020-02-24,18.59000015258789,0.01955524636130342
2020-02-25,23.760000228881836,0.24537969418610237
2020-02-26,29.15999984741211,0.2047943977801585
2020-02-27,26.15999984741211,-0.10856638115154894
2020-02-28,25.93000030517578,-0.008830909436338167
2020-03-02,29.8799991607666,0.1417887208580331
2020-03-03,27.90999984741211,-0.06820429009673207
2020-03-04,27.489999771118164,-0.015162748229939524
2020-03-05,28.010000228881836,0.01873930359229925
2020-03-06,29.610000610351562,0.055550565283070945
2020-03-09,24.290000915527344,-0.1980473820209073
2020-03-10,22.34000015258789,-0.08368598023430436
2020-03-11,23.610000610351562,0.05529157647751216
2020-03-12,22.299999237060547,-0.05708373269528065
2020-03-13,21.299999237060547,-0.045879607356915895
2020-03-16,26.489999771118164,0.2180602577470423
2020-03-17,28.18000030517578,0.06184522265638344
2020-03-18,31.579999923706055,0.11391148911155077
2020-03-19,28.270000457763672,-0.1107228185135428
2020-03-20,28.200000762939453,-0.0024791828994008094
2020-03-23,26.56999969482422,-0.05953925671266351
2020-03-24,25.81999969482422,-0.02863337468685447
2020-03-25,27.1299991607666,0.04949072213792175
2020-03-26,27.940000534057617,0.029419277206199503
2020-03-27,30.049999237060547,0.07280326264895474
2020-03-30,30.479999542236328,0.014208080207736187
2020-03-31,29.950000762939453,-0.01754136576472282
2020-04-01,29.670000076293945,-0.009392913161081871
2020-04-02,33.20000076293945,0.11241346202839901
2020-04-03,34.84000015258789,0.04821625746143077
2020-04-06,34.63999938964844,-0.005757090289591991
2020-04-07,32.02000045776367,-0.07864834420963727
2020-04-08,32.41999816894531,0.012414737963610369
2020-04-09,31.860000610351562,-0.01742413618915677
2020-04-13,32.900001525878906,0.03212138051142143
2020-04-14,34.65999984741211,0.052113575734416495
2020-04-15,37.25,0.07206566494052896
2020-04-16,40.599998474121094,0.08611608419889354
2020-04-17,46.849998474121094,0.14318294709051496
2020-04-20,51.689998626708984,0.09831333652514287
2020-04-21,49.2599983215332,-0.048151954021354144
2020-04-22,51.20000076293945,0.038627188327857546
2020-04-23,47.439998626708984,-0.07627382120510921
2020-04-24,50.5,0.06250761053980029
2020-04-27,48.04999923706055,-0.04973121674304505
2020-04-28,47.880001068115234,-0.0035442165403257735
2020-04-29,46.369998931884766,-0.03204522762919201
2020-04-30,45.9900016784668,-0.008228657320576893
2020-05-01,47.93000030517578,0.041317601490479694
2020-05-04,50.5,0.05223171674266008
2020-05-05,49.34000015258789,-0.02323822208752359
2020-05-06,48.95000076293945,-0.007935729631174082
2020-05-07,53.189998626708984,0.08307099837301551
2020-05-08,59.25,0.10789539707960877
2020-05-11,66.9000015258789,0.12143320992729627
2020-05-12,62.349998474121094,-0.0704353422892889
2020-05-13,65.18000030517578,0.044389030438213885
2020-05-14,64.55999755859375,-0.009557691945851066
2020-05-15,66.69000244140625,0.03246006710688435
2020-05-18,80.0,0.18197158142138659
2020-05-19,71.66999816894531,-0.10995441021646607
2020-05-20,73.47000122070312,0.024804951789757754
2020-05-21,67.05000305175781,-0.091438521004829
2020-05-22,69.0,0.028667849354914954
2020-05-26,57.709999084472656,-0.17867605173866002
2020-05-27,52.18000030517578,-0.10073116730149684
2020-05-28,55.540000915527344,0.06240421280565851
2020-05-29,61.5,0.1019336764497111
2020-06-01,62.18000030517578,0.010996234726076802
2020-06-02,59.869998931884766,-0.03785788244186354
2020-06-03,59.88999938964844,0.0003340089884757073
2020-06-04,60.59000015258789,0.011620329390104286
2020-06-05,58.189998626708984,-0.040416370406807525
2020-06-08,59.099998474121094,0.01551740352500037
2020-06-09,58.22999954223633,-0.01483022060573264
2020-06-10,60.06999969482422,0.03110986579400858
2020-06-11,60.20000076293945,0.0021618212064539247
2020-06-12,62.0,0.02946202005690337
2020-06-15,66.56999969482422,0.0711196359832368
2020-06-16,64.33999633789062,-0.03407255613553135
2020-06-17,63.310001373291016,-0.016138148645228105
2020-06-18,64.94999694824219,0.025574379882775024
2020-06-19,66.3499984741211,0.02132604165045088
2020-06-22,64.75,-0.024410037201147768
2020-06-23,62.939998626708984,-0.028351830762436706
2020-06-24,64.83999633789062,0.02974077057109355
2020-06-25,62.0,-0.04478825534321234
2020-06-26,61.279998779296875,-0.011680879532846026
2020-06-29,62.08000183105469,0.012970399857799407
2020-06-30,64.20999908447266,0.03373504217758248
2020-07-01,61.59000015258789,-0.041659425371197094
2020-07-02,58.56999969482422,-0.050276907285184684
2020-07-06,59.150001525878906,0.009854001329919135
2020-07-07,61.09000015258789,0.03227157293826638
2020-07-08,61.58000183105469,0.00798898307149055
2020-07-09,64.95999908447266,0.05343450952879157
2020-07-10,62.61000061035156,-0.03684666225402658
2020-07-13,71.77999877929688,0.136680849207601
2020-07-14,75.04000091552734,0.04441544818520579
2020-07-15,80.22000122070312,0.06675155866035579
2020-07-16,81.80999755859375,0.01962658012436333
2020-07-17,94.8499984741211,0.14789722461052635
2020-07-20,82.68000030517578,-0.13731894178912415
2020-07-21,80.86000061035156,-0.02225846674373912
2020-07-22,83.2249984741211,0.02882849336583125
2020-07-23,75.33000183105469,-0.0996692789819926
2020-07-24,73.20999908447266,-0.02854647499165882
2020-07-27,79.91000366210938,0.0875690360612384
2020-07-28,81.48999786376953,0.019579239903200846
2020-07-29,79.51000213623047,-0.02459746033665903
2020-07-30,77.62999725341797,-0.023928911743667697
2020-07-31,74.0999984741211,-0.04653840332728499
2020-08-03,77.9800033569336,0.05103691489321554
2020-08-04,78.45999908447266,0.006136502509593201
2020-08-05,75.80000305175781,-0.03449059620370955
2020-08-06,73.76000213623047,-0.027281724698734557
2020-08-07,74.0999984741211,0.004598903499635269
2020-08-10,72.01000213623047,-0.0286104837833606
2020-08-11,68.97000122070312,-0.043133382784277786
2020-08-12,69.5199966430664,0.007942787527583595
2020-08-13,67.83000183105469,-0.024609830717078705
2020-08-14,69.1500015258789,0.019273478224234506
2020-08-17,69.76000213623047,0.008782730046309428
2020-08-18,67.02999877929688,-0.03992054806472271
2020-08-19,68.0,0.014367443017535847
2020-08-20,67.80999755859375,-0.002798064483988092
2020-08-21,66.44999694824219,-0.0202599014584908
2020-08-24,64.87999725341797,-0.023910371759733106
2020-08-25,66.25,0.020896097392436922
2020-08-26,70.5,0.062177244951891364
2020-08-27,68.02999877929688,-0.035663943404853925
2020-08-28,67.48999786376953,-0.007969359310602445
2020-08-31,64.88999938964844,-0.03928588787563128
2020-09-01,63.31999969482422,-0.024492289033903512
2020-09-02,64.72000122070312,0.021869061418301094
2020-09-03,64.83999633789062,0.0018523487767710522
2020-09-04,62.599998474121094,-0.03515738665731373
2020-09-08,54.34000015258789,-0.14150464692476697
2020-09-09,56.900001525878906,0.046034761142914174
2020-09-10,57.560001373291016,0.011532537928455598
2020-09-11,59.34000015258789,0.030455711556499745
2020-09-14,63.66999816894531,0.07042984783632515
2020-09-15,66.87999725341797,0.04918646243871235
2020-09-16,68.83999633789062,0.02888499043680178
2020-09-17,67.88999938964844,-0.013896178822677841
2020-09-18,69.87000274658203,0.02874767255099443
2020-09-21,69.26000213623047,-0.00876884205633385
2020-09-22,68.72000122070312,-0.00782727437848193
2020-09-23,67.16000366210938,-0.022962408701961885
2020-09-24,65.16999816894531,-0.030078674489771143
2020-09-25,69.47000122070312,0.06389581002874814
2020-09-28,70.55000305175781,0.01542669927904041
2020-09-29,70.5199966430664,-0.00042541162839520186
2020-09-30,70.75,0.0032562265962536602
2020-10-01,70.02999877929688,-0.01022883228706633
2020-10-02,68.80999755859375,-0.017574656502291675
2020-10-05,71.94999694824219,0.044622343184407054
2020-10-06,71.04000091552734,-0.01272827934699056
2020-10-07,72.37000274658203,0.01854877525857218
2020-10-08,72.93000030517578,0.007708194350666811
2020-10-09,73.0,0.0009593599677468552
2020-10-12,75.30999755859375,0.03115345454678017
2020-10-13,78.29000091552734,0.038806996918703575
2020-10-14,76.55999755859375,-0.022345177357973006
2020-10-15,75.58000183105469,-0.012882993107849995
2020-10-16,73.94000244140625,-0.021937735620818223
2020-10-19,70.95999908447266,-0.04113766142792969
2020-10-20,71.30999755859375,0.004920210704387577
2020-10-21,68.37000274658203,-0.042102363705662255
2020-10-22,70.83999633789062,0.03548958912109998
2020-10-23,70.52999877929688,-0.004385627306614612
2020-10-26,70.23999786376953,-0.004120214998957853
2020-10-27,70.66999816894531,0.006103209879276635
2020-10-28,65.73999786376953,-0.07231359305190017
2020-10-29,71.27999877929688,0.08090823029615561
2020-10-30,67.47000122070312,-0.05493269330522335
2020-11-02,67.11000061035156,-0.005349999466924809
2020-11-03,69.08000183105469,0.028932206519829085
2020-11-04,69.80999755859375,0.010511951225382761
2020-11-05,71.4800033569336,0.0236405062443301
2020-11-06,72.44999694824219,0.013478889389946456
2020-11-09,77.73999786376953,0.07047327130047985
2020-11-10,76.05000305175781,-0.021978839111300476
2020-11-11,82.44000244140625,0.08067972680298977
2020-11-12,87.80999755859375,0.06310457593202258
2020-11-13,89.38999938964844,0.017833450703177742
2020-11-16,97.94999694824219,0.0914483009624686
2020-11-17,93.1500015258789,-0.050245999805790774
2020-11-18,88.88999938964844,-0.046811470041262356
2020-11-19,92.7699966430664,0.04272363209241395
2020-11-20,97.61000061035156,0.050856677960207035
2020-11-23,101.02999877929688,0.034437536917225134
2020-11-24,98.55999755859375,-0.024752015342612264
2020-11-25,109.18000030517578,0.10233242413432557
2020-11-27,127.02999877929688,0.15142537027703018
2020-11-30,152.74000549316406,0.18431389599858244
2020-12-01,141.00999450683594,-0.07990639453109566
2020-12-02,143.0,0.014013859366616867
2020-12-03,157.25999450683594,0.09505582137300256
2020-12-04,152.52000427246094,-0.03060468863108373
2020-12-07,159.52000427246094,0.04487356999493226
2020-12-08,169.86000061035156,0.06280523894836725
2020-12-09,156.58999633789062,-0.0813436707743851
2020-12-10,155.69000244140625,-0.005764034787956066
2020-12-11,156.92999267578125,0.007932932995959815
2020-12-14,155.07000732421875,-0.011923124270994085
2020-12-15,147.22000122070312,-0.051948600185496914
2020-12-16,137.02999877929688,-0.07172820387243493
2020-12-17,144.0,0.04961342852618216
2020-12-18,140.22999572753906,-0.026529398304966034
2020-12-21,138.3000030517578,-0.013858640534105349
2020-12-22,125.87999725341797,-0.09409621035977356
2020-12-23,130.33999633789062,0.034817342430489465
2020-12-24,123.38999938964844,-0.05479632684372648
2020-12-28,111.4000015258789,-0.10222272477343791
2020-12-29,114.38999938964844,0.02648631601139408
2020-12-30,111.12999725341797,-0.028912994719356596
2020-12-31,104.47000122070312,-0.061800701948377466
2021-01-04,111.7300033569336,0.06718531607015696
2021-01-05,109.18000030517578,-0.023087377455524038
2021-01-06,116.26000213623047,0.0628311814990264
2021-01-07,115.08999633789062,-0.010114681486927662
2021-01-08,112.75,-0.020541420778084407
2021-01-11,117.26000213623047,0.039220731371176945
2021-01-12,124.55000305175781,0.060313556456495124
2021-01-13,124.05999755859375,-0.003941966344726343
2021-01-14,129.72000122070312,0.04461299098367606
2021-01-15,129.64999389648438,-0.0005398259416028165
2021-01-19,125.01000213623047,-0.03644471371685843
2021-01-20,125.13999938964844,0.0010393545019191808
2021-01-21,132.97999572753906,0.06076560315284309
2021-01-22,131.02000427246094,-0.014848692932753678
2021-01-25,147.0,0.11508257086577948
2021-01-26,151.92999267578125,0.03298725346908697
2021-01-27,155.72999572753906,0.02470387082436978
2021-01-28,159.5500030517578,0.024233660779341023
2021-01-29,173.16000366210938,0.08185867187094821
2021-02-01,157.47999572753906,-0.09491760477712716
2021-02-02,158.5800018310547,0.006960770445465256
2021-02-03,165.86000061035156,0.04488485331215748
2021-02-04,173.30999755859375,0.04393782167137362
2021-02-05,176.24000549316406,0.016764849288392572
2021-02-08,185.97999572753906,0.05379238441461672
2021-02-09,179.52000427246094,-0.03535247194367047
2021-02-10,179.33999633789062,-0.001003221029714175
2021-02-11,183.44000244140625,0.02260422675469071
2021-02-12,183.74000549316406,0.001634092881050594
2021-02-16,178.52999877929688,-0.028765097252370805
2021-02-17,176.75999450683594,-0.009963798301771347
2021-02-18,169.57000732421875,-0.04152698507364778
2021-02-19,174.74000549316406,0.03003332219423482
2021-02-22,159.3699951171875,-0.09207067407283645
2021-02-23,150.1699981689453,-0.05946053873434876
2021-02-24,144.7899932861328,-0.036483603075336206
2021-02-25,148.3800048828125,0.024492213245222695
2021-02-26,154.80999755859375,0.04242195911317104
2021-03-01,157.39999389648438,0.016591754424167115
2021-03-02,146.80999755859375,-0.06965108008453268
2021-03-03,131.22000122070312,-0.11226390390221586
2021-03-04,132.3000030517578,0.008196780968409237
2021-03-05,132.19000244140625,-0.0008317941276361898
2021-03-08,123.47000122070312,-0.06824207859393625
2021-03-09,130.8699951171875,0.05820620529069538
2021-03-10,129.75,-0.00859490471098706
2021-03-11,140.47000122070312,0.0793844294869544
2021-03-12,136.99000549316406,-0.025085980970640097
2021-03-15,143.66000366210938,0.04754145157584617
2021-03-16,156.02000427246094,0.08253480940606754
2021-03-17,147.5500030517578,-0.05581710947240545
2021-03-18,141.4600067138672,-0.042150083002736496
2021-03-19,143.74000549316406,0.01598911118718545
2021-03-22,145.60000610351562,0.012857027426065279
2021-03-23,136.52000427246094,-0.0643920223483344
2021-03-24,131.61000061035156,-0.036628146850190786
2021-03-25,133.3300018310547,0.012984263376810783
2021-03-26,133.27999877929688,-0.0003751026010250299
2021-03-29,123.41999816894531,-0.0768590112026389
2021-03-30,118.48999786376953,-0.04076460725709098
2021-03-31,130.9499969482422,0.09998699684909886
2021-04-01,132.5500030517578,0.012144408109516001
2021-04-05,129.91000366210938,-0.020118024561251526
2021-04-06,133.52999877929688,0.02748423135685416
2021-04-07,131.47000122070312,-0.015547464560538668
2021-04-08,133.8800048828125,0.018165214821140918
2021-04-09,140.9199981689453,0.051248427664775574
2021-04-12,139.39999389648438,-0.010844885937225298
2021-04-13,149.7100067138672,0.07135267976532492
2021-04-14,160.02999877929688,0.06666115572237388
2021-04-15,159.8699951171875,-0.001000335595528294
2021-04-16,170.80999755859375,0.06619085892245222
2021-04-19,161.91000366210938,-0.05351116544001854
2021-04-20,156.77999877929688,-0.0321971069423535
2021-04-21,169.5,0.07800938584601838
2021-04-22,168.10000610351562,-0.008293850097097991
2021-04-23,173.6300048828125,0.03236754975457932
2021-04-26,177.61000061035156,0.02266351223771973
2021-04-27,183.41000366210938,0.03213396521402715
2021-04-28,178.67999267578125,-0.026127648436518852
2021-04-29,175.6699981689453,-0.01698923089118629
2021-04-30,178.82000732421875,0.017772529663753638
2021-05-03,186.02000427246094,0.03947446351628927
2021-05-04,173.58999633789062,-0.06915804199792887
2021-05-05,162.83999633789062,-0.0639280746383682
2021-05-06,160.5,-0.014474158575703543
2021-05-07,163.14999389648438,0.016376043058804034
2021-05-10,158.5500030517578,-0.028599965396597885
2021-05-11,158.99000549316406,0.002771321478715025
2021-05-12,152.67999267578125,-0.04049716180500635
2021-05-13,149.8699951171875,-0.018575960829400887
2021-05-14,161.3800048828125,0.07399364360039026
2021-05-17,160.42999267578125,-0.005904197967664443
2021-05-18,159.52999877929688,-0.005625680048276197
2021-05-19,157.99000549316406,-0.009700210007215465
2021-05-20,165.97000122070312,0.04927528183377114
2021-05-21,161.4499969482422,-0.027611578185491162
2021-05-24,164.1699981689453,0.016706986850921816
2021-05-25,169.25999450683594,0.030533496634938703
2021-05-26,175.58999633789062,0.036715749327254986
2021-05-27,179.5399932861328,0.022246275818500767
2021-05-28,185.00999450683594,0.03001186104662185
2021-06-01,184.66000366210938,-0.0018935318042221441
2021-06-02,191.60000610351562,0.03689358121615435
2021-06-03,195.22000122070312,0.01871723660751125
2021-06-04,206.07000732421875,0.05408881843650122
2021-06-07,219.57000732421875,0.06345516920206462
2021-06-08,213.0,-0.030378955928921095
2021-06-09,217.44000244140625,0.020630795921362195
2021-06-10,217.0,-0.0020256080903277075
2021-06-11,218.85000610351562,0.008489237985480843
2021-06-14,207.41000366210938,-0.05368906322877534
2021-06-15,201.58999633789062,-0.028461614670959208
2021-06-16,197.83999633789062,-0.018777308923505178
2021-06-17,202.47000122070312,0.023133128749780827
2021-06-18,199.19000244140625,-0.01633257810862838
2021-06-21,208.24000549316406,0.04443213172146176
2021-06-22,221.36000061035156,0.06109905117063579
2021-06-23,212.0399932861328,-0.04301543377955656
2021-06-24,220.13999938964844,0.03748880036629062
2021-06-25,219.94000244140625,-0.0009089118395678766
2021-06-28,222.94000244140625,0.013547894929317038
2021-06-29,234.4600067138672,0.05038233836669606
2021-06-30,234.97999572753906,0.0022153596780640225
2021-07-01,235.11000061035156,0.0005531063717143461
2021-07-02,234.3000030517578,-0.003451133790157282
2021-07-06,233.33999633789062,-0.004105756837346488
2021-07-07,221.89999389648438,-0.05026979926856041
2021-07-08,232.7899932861328,0.047909928334496636
2021-07-09,232.80999755859375,8.592900715890985e-05
2021-07-12,239.33999633789062,0.027662460070004
2021-07-13,235.14999389648438,-0.017661537409286356
2021-07-14,246.66000366210938,0.04778730254941525
2021-07-15,259.67498779296875,0.05141991712036024
2021-07-16,286.42999267578125,0.09806335052838669
2021-07-19,313.5899963378906,0.09059223590132899
2021-07-20,307.3299865722656,-0.020164343383611713
2021-07-21,321.1099853515625,0.04386165278743245
2021-07-22,323.4800109863281,0.007353624252020206
2021-07-23,348.8299865722656,0.07544733682637542
2021-07-26,335.8699951171875,-0.037860493220389035
2021-07-27,328.5,-0.022187327871870475
2021-07-28,349.32000732421875,0.06145159058794215
2021-07-29,345.6400146484375,-0.01059061515878964
2021-07-30,353.6000061035156,0.022768534670744092
2021-08-02,346.6099853515625,-0.019966161719025325
2021-08-03,386.510009765625,0.1089575798746137
2021-08-04,419.04998779296875,0.08083244923451456
2021-08-05,416.260009765625,-0.006680126924162333
2021-08-06,413.7200012207031,-0.006120669030345689
2021-08-09,484.4700012207031,0.1578660929685957
2021-08-10,456.760009765625,-0.058897402215094714
2021-08-11,385.3299865722656,-0.17005803505325523
2021-08-12,391.4200134277344,0.015681111421602265
2021-08-13,389.7799987792969,-0.004198712319901114
2021-08-16,373.8599853515625,-0.04170111765953067
2021-08-17,401.8599853515625,0.07222237620223967
2021-08-18,398.79998779296875,-0.0076437253265360175
2021-08-19,375.5299987792969,-0.060121649240648715
2021-08-20,382.9800109863281,0.0196444389448207
2021-08-23,411.8900146484375,0.07277356179151731
2021-08-24,394.94000244140625,-0.04202249816308789
2021-08-25,397.8699951171875,0.007391445679117548
2021-08-26,400.29998779296875,0.006088929013825001
2021-08-27,382.2200012207031,-0.04621787324926655
2021-08-30,370.69000244140625,-0.030630221866980445
2021-08-31,376.69000244140625,0.016056434115935884
2021-09-01,389.94000244140625,0.034570312891782425
2021-09-02,397.6600036621094,0.019604490643790325
2021-09-03,416.70001220703125,0.046769189683856675
2021-09-07,436.3900146484375,0.046169804783633715
2021-09-08,422.8999938964844,-0.03140064246065656
2021-09-09,455.9200134277344,0.07518165493278073
2021-09-10,449.3800048828125,-0.01444851913494727
2021-09-13,419.7200012207031,-0.06828104064566422
2021-09-14,427.7099914550781,0.018857550657586472
2021-09-15,434.4599914550781,0.015658485105198742
2021-09-16,440.6499938964844,0.014147034733634585
2021-09-17,430.04998779296875,-0.02434944308216097
2021-09-20,423.3299865722656,-0.01574946759387284
2021-09-21,434.0400085449219,0.024984730420481136
2021-09-22,440.7200012207031,0.015273040495301742
2021-09-23,454.6000061035156,0.031008168910311936
2021-09-24,430.1400146484375,-0.05530715369668467
2021-09-27,408.8399963378906,-0.05078689864432254
2021-09-28,384.2099914550781,-0.062134616637706974
2021-09-29,378.8999938964844,-0.01391695394980983
2021-09-30,384.8599853515625,0.015607291814640246
2021-10-01,341.0899963378906,-0.12073323238818168
2021-10-04,325.8399963378906,-0.0457399092413237
2021-10-05,332.1099853515625,0.019059743133223186
2021-10-06,302.4200134277344,-0.09364937114893078
2021-10-07,309.3599853515625,0.022688775862790743
2021-10-08,304.9100036621094,-0.014488936842851522
2021-10-11,305.1000061035156,0.0006229486221830155
2021-10-12,311.1300048828125,0.01957123523596256
2021-10-13,321.5,0.03278669671411999
2021-10-14,331.8800048828125,0.03177592883099462
2021-10-15,324.2099914550781,-0.02338204488161815
2021-10-18,334.8399963378906,0.03226136722791153
2021-10-19,333.6099853515625,-0.003680192709326841
2021-10-20,333.010009765625,-0.0018000532607336766
2021-10-21,339.57000732421875,0.019507583996634898
2021-10-22,326.5400085449219,-0.03912765401544778
2021-10-25,349.55999755859375,0.06812273490902804
2021-10-26,345.739990234375,-0.010988194526051357
2021-10-27,340.8800048828125,-0.014156495733270075
2021-10-28,347.9200134277344,0.020442083367902538
2021-10-29,345.2099914550781,-0.007819704133044031
2021-11-01,337.1700134277344,-0.023565608727549925
2021-11-02,348.6400146484375,0.03345261918914527
2021-11-03,345.9200134277344,-0.00783233994395065
2021-11-04,284.0199890136719,-0.1971629537329624
2021-11-05,236.99000549316406,-0.18102665020434275
2021-11-08,244.67999267578125,0.031933235109502425
2021-11-09,236.85000610351562,-0.032524149301195154
2021-11-10,228.9600067138672,-0.03387971000784116
2021-11-11,225.82000732421875,-0.013809090945204152
2021-11-12,231.19000244140625,0.023501639641563057
2021-11-15,235.07000732421875,0.016643479459215117
2021-11-16,234.27999877929688,-0.0033663972758974604
2021-11-17,242.22999572753906,0.03337069437397037
2021-11-18,251.41000366210938,0.03719741679364493
2021-11-19,263.7799987792969,0.048030330591255506
2021-11-22,282.69000244140625,0.06923548175310518
2021-11-23,276.3800048828125,-0.022574151480748164
2021-11-24,273.3900146484375,-0.010877347285483875
2021-11-26,329.6300048828125,0.18707142736690643
2021-11-29,368.510009765625,0.11149704667976253
2021-11-30,352.42999267578125,-0.04461587461349073
2021-12-01,310.6099853515625,-0.12631394140380867
2021-12-02,301.489990234375,-0.029801243056124544
2021-12-03,306.7200012207031,0.01719846754707086
2021-12-06,265.3299865722656,-0.14496099960158187
2021-12-07,282.3500061035156,0.062173174060074506
2021-12-08,283.3999938964844,0.003711847984139038
2021-12-09,272.2099914550781,-0.04028550987532021
2021-12-10,257.05999755859375,-0.05726428465993941
2021-12-13,271.989990234375,0.05645575382535498
2021-12-14,277.1600036621094,0.01882970496223711
2021-12-15,283.2799987792969,0.021840833522313242
2021-12-16,282.0199890136719,-0.0044578520412374275
2021-12-17,294.79998779296875,0.04431916745410493
2021-12-20,276.3800048828125,-0.06452037086497667
2021-12-21,268.1400146484375,-0.03026746123913933
2021-12-22,251.36000061035156,-0.06462310986771665
2021-12-23,249.99000549316406,-0.005465237899747817
2021-12-27,246.8800048828125,-0.0125185306428291
2021-12-28,241.44000244140625,-0.022281403261537353
2021-12-29,247.8800048828125,0.026323772660804448
2021-12-30,251.60000610351562,0.014895771292893214
2021-12-31,253.97999572753906,0.009414957853759053
2022-01-03,235.0500030517578,-0.07745723648526974
2022-01-04,233.05999755859375,-0.008502349783904083
2022-01-05,215.22999572753906,-0.07958871674426446
2022-01-06,216.05999755859375,0.0038489316637590506
2022-01-07,213.86000061035156,-0.010234537406683139
2022-01-10,233.6999969482422,0.0887166303038828
2022-01-11,221.38999938964844,-0.05411237910714353
2022-01-12,222.88999938964844,0.006752524100521347
2022-01-13,210.1699981689453,-0.05876165515268267
2022-01-14,204.72999572753906,-0.02622470133133711
2022-01-18,186.61000061035156,-0.09267113617961478
2022-01-19,174.07000732421875,-0.06956332157521275
2022-01-20,167.52000427246094,-0.038354786614490384
2022-01-21,160.07000732421875,-0.045491507311456715
2022-01-24,157.3000030517578,-0.017456435849845877
2022-01-25,152.5399932861328,-0.03072801674283047
2022-01-26,154.9600067138672,0.01574024970291504
2022-01-27,148.6199951171875,-0.04177438255021334
2022-01-28,159.47000122070312,0.07046314453965241
2022-01-31,169.3300018310547,0.05999366007614539
2022-02-01,172.74000549316406,0.019938121161547563
2022-02-02,169.61000061035156,-0.01828591817001815
2022-02-03,163.9499969482422,-0.03394020280560375
2022-02-04,163.00999450683594,-0.005749969756830558
2022-02-07,160.27000427246094,-0.016951595256492865
2022-02-08,153.30999755859375,-0.04439792026565457
2022-02-09,164.02999877929688,0.06758733108471927
2022-02-10,160.4199981689453,-0.022253965957795236
2022-02-11,161.32000732421875,0.005594650882320073
2022-02-14,142.47000122070312,-0.12425855560968704
2022-02-15,151.1199951171875,0.05894273108514272
2022-02-16,151.80999755859375,0.004555531980213577
2022-02-17,146.36000061035156,-0.03656037854142445
2022-02-18,145.74000549316406,-0.004245094387544777
2022-02-22,144.97000122070312,-0.005297417050478218
2022-02-23,135.72999572753906,-0.06585924605096359
2022-02-24,156.22999572753906,0.1406616662443341
2022-02-25,151.3300018310547,-0.03186635827787942
2022-02-28,153.60000610351562,0.014888965651319197
2022-03-01,149.52000427246094,-0.026921668728182507
2022-03-02,147.86000061035156,-0.011164307464962551
2022-03-03,141.52000427246094,-0.043824804215523316
2022-03-04,136.4600067138672,-0.03640949945379828
2022-03-07,126.45999908447266,-0.07610553519672665
2022-03-08,129.27999877929688,0.022054539939657728
2022-03-09,142.49000549316406,0.09729127502845651
2022-03-10,139.52000427246094,-0.021063869575682945
2022-03-11,138.1999969482422,-0.009506101531853377
2022-03-14,150.07000732421875,0.08240001146186077
2022-03-15,148.1199951171875,-0.01307917763308256
2022-03-16,169.36000061035156,0.1340039073503169
2022-03-17,168.25999450683594,-0.006516260954693692
2022-03-18,178.92999267578125,0.061484257494552136
2022-03-21,175.3800048828125,-0.02003955077779951
2022-03-22,186.72000122070312,0.06265509888331953
2022-03-23,178.72999572753906,-0.04373391177812606
2022-03-24,179.67999267578125,0.005301186929828293
2022-03-25,165.9199981689453,-0.07967171678211253
2022-03-28,173.0800018310547,0.04224819249047413
2022-03-29,180.63999938964844,0.042752171086600524
2022-03-30,174.9199981689453,-0.03217738094575867
2022-03-31,172.25999450683594,-0.015323784604534091
2022-04-01,176.58999633789062,0.024825709214881458
2022-04-04,172.5399932861328,-0.0232015859506264
2022-04-05,162.0500030517578,-0.06272410631673084
2022-04-06,154.6199951171875,-0.046934486106863516
2022-04-07,159.0,0.02793373990734003
2022-04-08,160.83999633789062,0.011505857040193261
2022-04-11,160.0,-0.005236244026597878
2022-04-12,159.5,-0.0031298930089277044
2022-04-13,169.66000366210938,0.061752533739679046
2022-04-14,165.49000549316406,-0.024885652740397723
2022-04-18,154.75,-0.06709989165947514
2022-04-19,152.72000122070312,-0.013204724154133662
2022-04-20,150.1199951171875,-0.01717124566981478
2022-04-21,144.5,-0.03815543418827026
2022-04-22,140.33999633789062,-0.029211483822896192
2022-04-25,150.41000366210938,0.06929689928504354
2022-04-26,145.7899932861328,-0.031197738949535182
2022-04-27,142.42999267578125,-0.023316584541892563
2022-04-28,142.52000427246094,0.0006317711924028892
2022-04-29,134.41000366210938,-0.05858751338674248
2022-05-02,142.0800018310547,0.05549543480248356
2022-05-03,146.5399932861328,0.030908090784530617
2022-05-04,155.0500030517578,0.056449282312987376
2022-05-05,142.02000427246094,-0.08777974239140558
2022-05-06,134.39999389648438,-0.05514754016147762
2022-05-09,135.8000030517578,0.010362854921053415
2022-05-10,132.32000732421875,-0.02595995096934094
2022-05-11,123.43000030517578,-0.06954909039940022
2022-05-12,130.1699981689453,0.05316707818343009
2022-05-13,137.91000366210938,0.057760050628860686
2022-05-16,136.25999450683594,-0.012036540008908858
2022-05-17,142.27999877929688,0.043232153468991424
2022-05-18,137.7100067138672,-0.03264686500797286
2022-05-19,143.3800048828125,0.04034840898707346
2022-05-20,136.25,-0.05100704893641818
2022-05-23,137.6199951171875,0.010004794750580796
2022-05-24,132.05999755859375,-0.04123988201460783
2022-05-25,130.85000610351562,-0.009204670658039905
2022-05-26,135.8000030517578,0.037131561975752236
2022-05-27,147.66000366210938,0.08372912083493764
2022-05-31,145.3300018310547,-0.01590532719460847
2022-06-01,143.39999389648438,-0.013369145634719491
2022-06-02,140.17999267578125,-0.02271062677914267
2022-06-03,137.14999389648438,-0.021852085942378377
2022-06-06,140.0,0.020567249728176716
2022-06-07,145.33999633789062,0.037433377382340705
2022-06-08,148.52999877929688,0.021711149831233467
2022-06-09,134.0399932861328,-0.10264873704230489
2022-06-10,127.12000274658203,-0.05300666894589855
2022-06-13,117.12999725341797,-0.08184713820189773
2022-06-14,121.55999755859375,0.03712354233185416
2022-06-15,128.52999877929688,0.055754382659991025
2022-06-16,121.08000183105469,-0.059710831348419806
2022-06-17,128.02999877929688,0.05581310264737638
2022-06-21,129.99000549316406,0.01519296475470651
2022-06-22,136.07000732421875,0.04571194635132469
2022-06-23,143.25999450683594,0.05149160981267596
2022-06-24,144.27000427246094,0.007025450729735195
2022-06-27,145.36000061035156,0.007526854714790704
2022-06-28,142.19000244140625,-0.022049219708501353
2022-06-29,142.80999755859375,0.004350849791045578
2022-06-30,142.85000610351562,0.0002801130341704298
2022-07-01,149.9499969482422,0.04850671343965503
2022-07-05,155.5399932861328,0.036601005258723264
2022-07-06,159.55999755859375,0.02551712163443421
2022-07-07,172.39999389648438,0.07739731109002998
2022-07-08,176.22999572753906,0.02197261300624434
2022-07-11,175.25999450683594,-0.005519381547851714
2022-07-12,173.25,-0.01153491621474921
2022-07-13,171.24000549316406,-0.011669524714524107
2022-07-14,159.9199981689453,-0.06839243461316062
2022-07-15,166.91000366210938,0.042781088188621016
2022-07-18,163.39999389648438,-0.021253621858263815
2022-07-19,167.13999938964844,0.022630635848866716
2022-07-20,166.88999938964844,-0.0014968718234488567
2022-07-21,168.88999938964844,0.011912702717827173
2022-07-22,163.52000427246094,-0.03231227867252726
2022-07-25,165.69000244140625,0.013183254172586393
2022-07-26,160.89999389648438,-0.029335571251248516
2022-07-27,158.02000427246094,-0.018061381732684217
2022-07-28,158.07000732421875,0.00031638489253313774
2022-07-29,164.08999633789062,0.03737701624478145
2022-08-01,161.50999450683594,-0.015848009230243633
2022-08-02,160.80999755859375,-0.004343497555124755
2022-08-03,186.49000549316406,0.14815411911489412
2022-08-04,194.17999267578125,0.04040787842439334
2022-08-05,186.83999633789062,-0.03853291018962579
2022-08-08,182.94000244140625,-0.021094372460052548
2022-08-09,171.13999938964844,-0.06667631215009034
2022-08-10,174.27000427246094,0.018123913765359833
2022-08-11,171.80999755859375,-0.014216644324924964
2022-08-12,171.17999267578125,-0.003673609197143418
2022-08-15,176.77999877929688,0.032190423060778676
2022-08-16,167.9600067138672,-0.051180118938586996
2022-08-17,158.0,-0.0611308627620375
2022-08-18,150.0,-0.051959738930711104
2022-08-19,146.10000610351562,-0.026343933563315193
2022-08-22,142.47000122070312,-0.025159900735658925
2022-08-23,143.77999877929688,0.009152885268367878
2022-08-24,141.42999267578125,-0.016479501820124597
2022-08-25,142.0500030517578,0.004374286538359253
2022-08-26,136.6999969482422,-0.03839040837847082
2022-08-29,137.25999450683594,0.0040881760549369775
2022-08-30,135.92999267578125,-0.00973690399547847
2022-08-31,132.27000427246094,-0.02729467312585849
2022-09-01,138.9499969482422,0.0492688138865066
2022-09-02,138.57000732421875,-0.0027384682591659235
2022-09-06,130.0800018310547,-0.06322600609048003
2022-09-07,134.89999389648438,0.03638405809309371
2022-09-08,141.27999877929688,0.04621001024637123
2022-09-09,142.27999877929688,0.007053210285332073
2022-09-12,140.32000732421875,-0.01387135768025765
2022-09-13,131.3000030517578,-0.06644077626902942
2022-09-14,139.39999389648438,0.059862649990851925
2022-09-15,135.86000061035156,-0.02572250628657625
2022-09-16,137.74000549316406,0.013742941741565847
2022-09-19,127.9000015258789,-0.07411916948217916
2022-09-20,129.7050018310547,0.01401393468252777
2022-09-21,125.76000213623047,-0.030887309530112355
2022-09-22,124.31999969482422,-0.011516461502884582
2022-09-23,123.63999938964844,-0.00548477183718349
2022-09-26,119.69000244140625,-0.032469025044368514
2022-09-27,122.2300033569336,0.020999455970218486
2022-09-28,122.1500015258789,-0.0006547330576488932
2022-09-29,118.06999969482422,-0.03397214386127847
2022-09-30,118.25,0.0015233610377260295
2022-10-03,120.98999786376953,0.022906852525087527
2022-10-04,125.66999816894531,0.0379515291595828
2022-10-05,125.62000274658203,-0.00039791016626839333
2022-10-06,125.1500015258789,-0.0037484688202606897
2022-10-07,119.31999969482422,-0.04770407298126052
2022-10-10,123.41999816894531,0.0337842009680335
2022-10-11,120.72000122070312,-0.022119333485508232
2022-10-12,130.72000122070312,0.07958381587854858
2022-10-13,134.72000122070312,0.030140919105058197
2022-10-14,134.0,-0.005358759604143865
2022-10-17,139.25,0.03843107885648206
2022-10-18,134.08999633789062,-0.03775968982667438
2022-10-19,123.5199966430664,-0.08210812988150072
2022-10-20,118.37999725341797,-0.04250329303804216
2022-10-21,128.32000732421875,0.08062743513479104
2022-10-24,133.02000427246094,0.03597232377924374
2022-10-25,136.57000732421875,0.026337832344898372
2022-10-26,142.0,0.03898970028115127
2022-10-27,144.11000061035156,0.01474984348432677
2022-10-28,150.97000122070312,0.046504248579790346
2022-10-31,150.3300018310547,-0.004248259845400063
2022-11-01,154.6199951171875,0.028137572492913807
2022-11-02,148.6199951171875,-0.039577782437912164
2022-11-03,147.5,-0.00756450409510488
2022-11-04,158.41000366210938,0.07135845603880235
2022-11-07,164.0399932861328,0.03492362777694858
2022-11-08,164.61000061035156,0.003468783851232523
2022-11-09,163.2100067138672,-0.008541287147883025
2022-11-10,168.55999755859375,0.0322539987130581
2022-11-11,171.1999969482422,0.015540690869920262
2022-11-14,179.02999877929688,0.04472093686280048
2022-11-15,185.47000122070312,0.03533976773811584
2022-11-16,185.25,-0.0011868863066735323
2022-11-17,183.89999389648438,-0.007314165755239636
2022-11-18,181.58999633789062,-0.012640720016162295
2022-11-21,176.75,-0.027015073628112184
2022-11-22,179.58999633789062,0.01594014986246334
2022-11-23,176.80999755859375,-0.015600758757225441
2022-11-25,176.39999389648438,-0.0023215869096583647
2022-11-28,175.3800048828125,-0.005799032779722143
2022-11-29,173.14999389648438,-0.012796840593982757
2022-11-30,175.91000366210938,0.015814285830342428
2022-12-01,181.47999572753906,0.031172909824539862
2022-12-02,182.35000610351562,0.004782519472681655
2022-12-05,175.92999267578125,-0.03584180370660396
2022-12-06,173.5399932861328,-0.013678065341895276
2022-12-07,179.0,0.030977724163133685
2022-12-08,184.6999969482422,0.03134706484165721
2022-12-09,177.35000610351562,-0.040607655047695375
2022-12-12,165.1300048828125,-0.07139214359031454
2022-12-13,197.5399932861328,0.1792079894481976
2022-12-14,208.9499969482422,0.05615391279611825
2022-12-15,207.25,-0.008169180273313878
2022-12-16,193.2899932861328,-0.06973417693142878
2022-12-19,189.88999938964844,-0.01774666316088769
2022-12-20,201.16000366210938,0.05765567558563415
2022-12-21,210.0399932861328,0.043197327296228535
2022-12-22,208.33999633789062,-0.008126613826210315
2022-12-23,199.0800018310547,-0.04546457979080439
2022-12-27,180.1699981689453,-0.0998059237232547
2022-12-28,176.5,-0.020579963091329513
2022-12-29,178.86000061035156,0.013282503957137804
2022-12-30,179.6199951171875,0.004240100728189097
2023-01-03,178.99000549316406,-0.0035135120104885084
2023-01-04,177.36000061035156,-0.00914840029881933
2023-01-05,173.50999450683594,-0.021946365794853973
2023-01-06,180.35000610351562,0.03866423823764579
2023-01-09,183.9499969482422,0.01976452376847218
2023-01-10,189.64999389648438,0.03051627099122169
2023-01-11,186.63999938964844,-0.01599861150888953
2023-01-12,188.05999755859375,0.007579423423903617
2023-01-13,192.0,0.020734324160910964
2023-01-17,190.69000244140625,-0.00684628637823477
2023-01-18,197.02000427246094,0.03265618246340346
2023-01-19,190.3800048828125,-0.03428316764207362
2023-01-20,193.97999572753906,0.018732938469254775
2023-01-23,196.94000244140625,0.015144087276225501
2023-01-24,196.75999450683594,-0.0009144422073115022
2023-01-25,193.07000732421875,-0.018931828625759678
2023-01-26,193.24000549316406,0.0008801127295606697
2023-01-27,189.35000610351562,-0.02033578153100215
2023-01-30,180.8699951171875,-0.04581867240867482
2023-01-31,176.05999755859375,-0.02695368200730841
2023-02-01,174.3000030517578,-0.010046862131235098
2023-02-02,176.35000610351562,0.011692721257673424
2023-02-03,173.25,-0.01773505322228666
2023-02-06,170.27000427246094,-0.017350200545189685
2023-02-07,171.05999755859375,0.004628920355590741
2023-02-08,164.33999633789062,-0.040076927661109485
2023-02-09,164.47999572753906,0.0008515260719305852
2023-02-10,169.27999877929688,0.028765185167551582
2023-02-13,171.47999572753906,0.01291247535577516
2023-02-14,175.6199951171875,0.02385592531400455
2023-02-15,177.27999877929688,0.009407854544617298
2023-02-16,172.30999755859375,-0.02843523068686163
2023-02-17,166.60000610351562,-0.03369939961783256
2023-02-21,160.08999633789062,-0.03985963215380314
2023-02-22,158.1699981689453,-0.012065741815787196
2023-02-23,147.57000732421875,-0.06936770329137634
2023-02-24,139.25999450683594,-0.05796003903850623
2023-02-27,138.27000427246094,-0.007134323769084089
2023-02-28,138.80999755859375,0.00389774769897019
2023-03-01,135.66000366210938,-0.02295429148620788
2023-03-02,137.86000061035156,0.016086899372139717
2023-03-03,143.1999969482422,0.03800355133055247
2023-03-06,144.02999877929688,0.005779369520232103
2023-03-07,141.0500030517578,-0.020907143651614127
2023-03-08,142.0800018310547,0.007275833047345459
2023-03-09,137.36000061035156,-0.03378507109868588
2023-03-10,138.2899932861328,0.00674765989471324
2023-03-13,147.89999389648438,0.06718344752152125
2023-03-14,151.27999877929688,0.022596087832138918
2023-03-15,149.60000610351562,-0.011167309941760788
2023-03-16,151.77999877929688,0.014466989593907362
2023-03-17,150.02000427246094,-0.011663448912419001
2023-03-20,154.52000427246094,0.02955491842720415
2023-03-21,152.10000610351562,-0.015785326054415478
2023-03-22,148.17999267578125,-0.026110537832894166
2023-03-23,149.4199981689453,0.008333418732580039
2023-03-24,150.8800048828125,0.009723730954131742
2023-03-27,148.35000610351562,-0.01691046336786828
2023-03-28,146.9199981689453,-0.00968617939097396
2023-03-29,148.8000030517578,0.01271493441958667
2023-03-30,147.44000244140625,-0.009181812987906166
2023-03-31,153.5800018310547,0.04080028590466856
2023-04-03,159.47999572753906,0.03769687989832696
2023-04-04,156.52000427246094,-0.018734671084412916
2023-04-05,154.61000061035156,-0.012278003576604775
2023-04-06,158.27000427246094,0.02339664127776498
2023-04-10,160.14999389648438,0.011808375603969955
2023-04-11,155.25,-0.031074117130334894
2023-04-12,155.55999755859375,0.001994772779652215
2023-04-13,160.52999877929688,0.03144933979387692
2023-04-14,157.10000610351562,-0.021598249274392876
2023-04-17,143.97000122070312,-0.08727763109558917
2023-04-18,142.6300048828125,-0.009351054247685271
2023-04-19,142.82000732421875,0.0013312486343773414
2023-04-20,141.13999938964844,-0.011832846155583932
2023-04-21,140.85000610351562,-0.002056763592418526
2023-04-24,138.13999938964844,-0.01942787841335312
2023-04-25,134.89999389648438,-0.0237339412735041
2023-04-26,130.72000122070312,-0.031476077518970746
2023-04-27,130.07000732421875,-0.004984817064525523
2023-04-28,132.88999938964844,0.021448890365036794
2023-05-01,133.39999389648438,0.003830373977523587
2023-05-02,131.39999389648438,-0.015106028127413448
2023-05-03,130.13999938964844,-0.009635270223741709
2023-05-04,134.3300018310547,0.031688683329063376
2023-05-05,137.0399932861328,0.019973332317897705
2023-05-08,131.75,-0.03936661760236596
2023-05-09,133.77000427246094,0.015215751824880129
2023-05-10,130.8300018310547,-0.022223154727888012
2023-05-11,128.41000366210938,-0.018670486156401586
2023-05-12,129.3000030517578,0.006907011017897965
2023-05-15,130.25999450683594,0.007397101567527854
2023-05-16,125.11000061035156,-0.040339055739659874
2023-05-17,125.56999969482422,0.003670014362720465
2023-05-18,125.33000183105469,-0.0019130963372503307
2023-05-19,126.23999786376953,0.0072345669422879556
2023-05-22,126.73999786376953,0.003952886864565535
2023-05-23,137.75,0.0833027209928721
2023-05-24,131.58999633789062,-0.04574944770066865
2023-05-25,126.47000122070312,-0.039685864788354244
2023-05-26,126.23999786376953,-0.0018202953684148637
2023-05-30,128.88999938964844,0.020774482505656465
2023-05-31,127.70999908447266,-0.009197261341871276
2023-06-01,128.52000427246094,0.006322506151834954
2023-06-02,130.50999450683594,0.015365242598243097
2023-06-05,128.89999389648438,-0.012412947495089598
2023-06-06,126.9000015258789,-0.015637475849755528
2023-06-07,125.61000061035156,-0.010217513186342607
2023-06-08,124.94000244140625,-0.005348231952208592
2023-06-09,123.26000213623047,-0.013537678740863687
2023-06-12,123.5199966430664,0.0021070962340287293
2023-06-13,127.9800033569336,0.03547096884223774
2023-06-14,126.05000305175781,-0.015195350096834774
2023-06-15,129.97999572753906,0.03070188175144007
2023-06-16,128.72999572753906,-0.009663405113836936
2023-06-20,124.2300033569336,-0.03558244123471526
2023-06-21,121.06999969482422,-0.025765825048515753
2023-06-22,120.4800033569336,-0.004885096284415616
2023-06-23,118.5,-0.0165708313393918
2023-06-26,120.41000366210938,0.015989655742606038
2023-06-27,120.66999816894531,0.0021569155936501734
2023-06-28,123.0,0.01912482346097528
2023-06-29,122.11000061035156,-0.007262072529112142
2023-06-30,121.5,-0.005008020062702233
2023-07-03,121.7300033569336,0.001891242217781282
2023-07-05,123.54000091552734,0.014759492680145144
2023-07-06,118.29000091552734,-0.043425753381199104
2023-07-07,118.87000274658203,0.00489123780096506
2023-07-10,123.08999633789062,0.03488528327243082
2023-07-11,122.12999725341797,-0.007829736676733267
2023-07-12,125.91999816894531,0.030560741433687196
2023-07-13,126.61000061035156,0.0054647302252031965
2023-07-14,121.3499984741211,-0.04243258075447092
2023-07-17,122.5999984741211,0.010248091457704092
2023-07-18,122.61000061035156,8.15801661707058e-05
2023-07-19,125.16999816894531,0.020664207489102072
2023-07-20,124.7699966430664,-0.0032007831934336584
2023-07-21,126.43000030517578,0.013216782219643073
2023-07-24,123.01000213623047,-0.027423127490589748
2023-07-25,121.87000274658203,-0.009310744874616025
2023-07-26,120.6500015258789,-0.010061120654200213
2023-07-27,118.51000213623047,-0.017896441492095558
2023-07-28,118.66000366210938,0.001264928466605642
2023-07-31,117.66000366210938,-0.008463151131887418
2023-08-01,113.94000244140625,-0.0321271250814444
2023-08-02,110.22000122070312,-0.03319363594913098
2023-08-03,109.94999694824219,-0.002452690285339347
2023-08-04,108.19000244140625,-0.016136725979504784
2023-08-07,101.19999694824219,-0.06679023656774076
2023-08-08,99.73999786376953,-0.014531947997670259
2023-08-09,101.81999969482422,0.020639766776996627
2023-08-10,100.27999877929688,-0.015240284359835802
2023-08-11,101.48999786376953,0.01199398929490161
2023-08-14,100.0,-0.014790064423955885
2023-08-15,96.41000366210938,-0.03656021732705691
2023-08-16,98.91999816894531,0.02570145548172111
2023-08-17,106.23999786376953,0.07138924147777702
2023-08-18,101.62000274658203,-0.04446027242697975
2023-08-21,111.08000183105469,0.08901028572915366
2023-08-22,116.23999786376953,0.04540632196156387
2023-08-23,115.45999908447266,-0.006732859180872596
2023-08-24,112.6500015258789,-0.02463846127983667
2023-08-25,111.93000030517578,-0.0064120017958969764
2023-08-28,113.83000183105469,0.01683244479533213
2023-08-29,115.98999786376953,0.018797838653420936
2023-08-30,116.62000274658203,0.005416847269144861
2023-08-31,113.06999969482422,-0.03091371609740694
2023-09-01,112.55999755859375,-0.00452070213184268
2023-09-05,109.36000061035156,-0.02884119311949573
2023-09-06,108.23999786376953,-0.010294233870338065
2023-09-07,108.3499984741211,0.001015749773019847
2023-09-08,107.63999938964844,-0.006574393711097777
2023-09-11,105.80000305175781,-0.017241771919610245
2023-09-12,105.23999786376953,-0.005307112395353793
2023-09-13,108.58999633789062,0.03133585263118569
2023-09-14,112.80999755859375,0.03812567747045256
2023-09-15,114.58999633789062,0.01565554250491357
2023-09-18,104.13999938964844,-0.0956243666061109
2023-09-19,106.73999786376953,0.02465980901851961
2023-09-20,103.52999877929688,-0.030534536905190906
2023-09-21,100.2300033569336,-0.03239383545812821
2023-09-22,99.98999786376953,-0.0023974189057613003
2023-09-25,98.16999816894531,-0.018369508570763044
2023-09-26,98.12000274658203,-0.0005094036701942102
2023-09-27,99.44000244140625,0.013363224371647107
2023-09-28,100.2699966430664,0.008312042302884124
2023-09-29,103.29000091552734,0.0296740608253105
2023-10-02,103.30999755859375,0.00019357834730440005
2023-10-03,103.08000183105469,-0.0022287496819081353
2023-10-04,104.26000213623047,0.011382396281816386
2023-10-05,102.97000122070312,-0.012450104305814717
2023-10-06,103.87999725341797,0.008798664830998235
2023-10-09,101.83999633789062,-0.01983344206488668
2023-10-10,104.43000030517578,0.025114075124046845
2023-10-11,102.76000213623047,-0.016120800383533612
2023-10-12,100.77999877929688,-0.019456281890324913
2023-10-13,98.30000305175781,-0.02491585294142913
2023-10-16,91.94000244140625,-0.06688784126604536
2023-10-17,86.33000183105469,-0.06295903347504644
2023-10-18,86.01000213623047,-0.0037135900569886687
2023-10-19,82.37000274658203,-0.04324226710278605
2023-10-20,80.4000015258789,-0.02420713113408912
2023-10-23,78.63999938964844,-0.022133727085940108
2023-10-24,79.76000213623047,0.014141684359239359
2023-10-25,76.76000213623047,-0.038338453467318644
2023-10-26,75.9800033569336,-0.0102135070282103
2023-10-27,71.91000366210938,-0.05505480390059476
2023-10-30,74.06999969482422,0.029595199864408762
2023-10-31,75.95999908447266,0.02519628598623081
2023-11-01,76.19999694824219,0.003154548751955607
2023-11-02,71.2300033569336,-0.06744729752493699
2023-11-03,77.52999877929688,0.0847508173676066
2023-11-06,72.06999969482422,-0.07302707778404026
2023-11-07,73.66000366210938,0.02182209603139521
2023-11-08,71.33999633789062,-0.03200283213574949
2023-11-09,69.51000213623047,-0.02598647075245867
2023-11-10,70.05000305175781,0.007738658503335876
2023-11-13,70.20999908447266,0.0022814216408777754
2023-11-14,74.0999984741211,0.05392477372056808
2023-11-15,76.3499984741211,0.02991249996944194
2023-11-16,76.55000305175781,0.0026161502905698453
2023-11-17,76.44000244140625,-0.001438010658965509
2023-11-20,78.95999908447266,0.032435232219472435
2023-11-21,77.13999938964844,-0.023319438662577636
2023-11-22,78.16999816894531,0.013263973940407143
2023-11-24,78.5199966430664,0.0044674078474354765
2023-11-27,77.72000122070312,-0.010240686440005179
2023-11-28,78.18000030517578,0.005901224052649419
2023-11-29,79.01000213623047,0.010560589503800495
2023-11-30,77.69999694824219,-0.01671923567467244
2023-12-01,79.83000183105469,0.027044178497193247
2023-12-04,79.87000274658203,0.0005009507228212418
2023-12-05,78.27999877929688,-0.02010822038363912
2023-12-06,80.5999984741211,0.02920650364726827
2023-12-07,79.94999694824219,-0.008097229471949229
2023-12-08,80.31999969482422,0.004617251034786757
2023-12-11,82.0,0.020700595120333346
2023-12-12,78.04000091552734,-0.049497719777828866
2023-12-13,78.5999984741211,0.007150152535518684
2023-12-14,85.87000274658203,0.0884628766478001
2023-12-15,86.01000213623047,0.0016290367306458428
2023-12-18,85.41999816894531,-0.006883349422970094
2023-12-19,89.08999633789062,0.04206680964940394
2023-12-20,86.19000244140625,-0.03309286364165091
2023-12-21,91.16000366210938,0.05606205456463842
2023-12-22,94.88999938964844,0.04010207500365583
2023-12-26,97.33000183105469,0.025388965697785995
2023-12-27,100.7300033569336,0.0343364180293929
2023-12-28,98.79000091552734,-0.01944730895685331
2023-12-29,99.44999694824219,0.0066585802898359945
